CID,IDSURVEY,zHD,zHDERR,zCMB,zCMBERR,zHEL,zHELERR,MU_SH0ES,MU_SH0ES_ERR_DIAG,CEPH_DIST,IS_CALIBRATOR,USED_IN_SH0ES_HF,RA,DEC,VPEC,VPECERR,HOST_LOGMASS,distance_mpc,velocity_km_s,distance_err_mpc,hubble_distance_mpc,hubble_distance_err_mpc,weight_mu
2013E,56,0.01016,0.00085,0.01042,8e-05,0.00936,8e-05,32.7794,0.348547,,0,0,150.023,-34.2337,77.0649,250,10.5748,35.964994647266785,3045.89137328,5.7728069370742965,35.60326547009067,5.714745126588161,8.231468146137166
1999ac,57,0.01017,0.00084,0.00979,2e-05,0.00947,2e-05,32.9182,0.365223,,0,0,241.812,7.9723,-112.326,250,9.83179,38.33893105933962,3048.8892978599997,6.4482787609557946,37.95294956229112,6.3833599898589295,7.4969352680999215
1999ac,62,0.01017,0.00084,0.00979,2e-05,0.00947,2e-05,32.9674,0.341878,,0,0,241.812,7.9723,-112.326,250,9.83179,39.21750855866705,3048.8892978599997,6.174429540187802,38.822681883907705,6.112267776896762,8.555742213266864
2009an,51,0.01026,0.00084,0.00921,1e-05,0.00887,1e-05,33.3378,0.306294,,0,0,185.697,65.8512,-311.409,250,10.5117,46.511462968879975,3075.87061908,6.560609278827429,46.039101784570285,6.493981033424494,10.659160975999319
2009an,65,0.01026,0.00084,0.00921,1e-05,0.00887,1e-05,33.2253,0.299086,,0,0,185.697,65.8512,-311.409,250,10.5117,44.16314567793718,3075.87061908,6.082775231380447,43.71463353783896,6.020999773702262,11.179125482420531
2004S,57,0.01042,0.00084,0.0098,2e-05,0.0093,2e-05,33.1236,0.317227,,0,0,101.431,-31.2312,-183.95,250,7.0,42.14247132696755,3123.83741236,6.156527567678421,41.70787526668865,6.09303811056632,9.937101177480649
1997do,62,0.01073,0.00084,0.01048,2e-05,0.01012,2e-05,33.1081,0.364668,,0,0,111.677,47.0933,-76.099,250,9.594,41.8427288412479,3216.7730743399998,7.026892984783253,41.398522692754646,6.952294860925523,7.519772288628195
ASASSN-16jf,150,0.01096,0.00084,0.0104,1e-05,0.01144,1e-05,33.5709,0.314858,,0,0,339.247,-25.232,-166.92,250,8.01649,51.782140649389994,3285.7253396799997,7.5082792528861555,51.22076110765015,7.426880641060136,10.087197755736684
iPTF13ebh,56,0.01114,0.00085,0.01238,5e-05,0.01317,5e-05,33.7337,0.342487,,0,0,35.4999,33.2705,367.497,250,11.5,55.81359542592682,3339.68798212,8.802981227331257,55.19868210725204,8.705996427132996,8.525342142733216
iPTF13ebh,5,0.01114,0.00085,0.01238,5e-05,0.01317,5e-05,33.6369,0.29522,,0,0,35.4999,33.2705,367.497,250,11.5,53.38017583185706,3339.68798212,7.257239576252072,52.79207214812693,7.177284625523738,11.473830984255377
2010ko,56,0.01122,0.00084,0.01096,2e-05,0.01082,2e-05,33.8347,0.353909,,0,0,83.206,-14.0961,-74.5942,250,7.25539,58.47092979893016,3363.67137876,9.529657481956889,57.822165106435946,9.423921087356746,7.983931202756209
2013ex,51,0.01122,0.00084,0.01096,2e-05,0.01082,2e-05,33.4336,0.283424,,0,0,83.1942,-14.0459,-74.5942,250,8.72661,48.6093708447226,3363.67137876,6.344571665713123,48.07002516240046,6.274175417528454,12.448778911585913
2013ex,56,0.01122,0.00084,0.01096,2e-05,0.01082,2e-05,33.4947,0.325172,,0,0,83.1942,-14.0459,-74.5942,250,8.72661,49.99654574248238,3363.67137876,7.486844733061184,49.441808649435714,7.403774384467459,9.457442633132619
2009ab,5,0.01155,0.00085,0.01189,8e-05,0.01219,8e-05,33.5833,0.281169,,0,0,64.1516,2.7642,99.0651,250,9.3236,52.078683842478206,3462.6028899,6.74330992792479,51.484043144163124,6.6663140012108055,12.649260233356149
2011ao,56,0.01195,0.00084,0.01168,1e-05,0.01074,1e-05,33.4974,0.301502,,0,0,178.463,33.3629,-81.5267,250,7.12388,50.05874990917369,3582.5198731,6.950497344093783,49.467611946414046,6.868419728340119,11.00068186578074
2001cz,50,0.01213,0.00086,0.01275,0.00015,0.01178,0.00015,33.8783,0.346381,,0,0,191.876,-39.58,183.108,250,7.0,59.656806315009355,3636.48251554,9.516116409143136,58.941841774287255,9.402069308431857,8.3347365445043
2009kk,66,0.0122,0.00086,0.01244,0.00015,0.01286,0.00015,33.7023,0.266666,,0,0,57.4345,-3.2644,68.5505,250,9.51953,55.01232499534995,3657.4679876,6.755746282071353,54.3492639748567,6.67431958315684,14.062570312763672
2010Y,66,0.01233,0.00084,0.01142,1e-05,0.01105,1e-05,33.7403,0.254135,,0,0,162.766,65.7797,-269.901,250,10.1182,55.98349402078891,3696.44100714,6.551943828815506,55.301624984727226,6.4721423140828644,15.483567715575118
2008R,5,0.01246,0.00086,0.0126,0.00015,0.01321,0.00015,33.8286,0.265115,,0,0,45.9738,-11.9943,40.6545,250,11.0466,58.30690645477457,3735.41402668,7.11868842404549,57.58934323802874,7.031081152880598,14.227591884866
2002ha,57,0.01258,0.00085,0.0122,0.0001,0.01321,0.0001,33.708,0.24076,,0,0,311.827,0.3127,-112.614,250,10.6057,55.156919126080226,3771.3891216399998,6.115472520211933,54.47166557316975,6.039495664749385,17.251677491013186
2002ha,63,0.01258,0.00085,0.0122,0.0001,0.01321,0.0001,33.7246,0.250097,,0,0,311.827,0.3127,-112.614,250,10.6057,55.5801865352864,3771.3891216399998,6.401388224413193,54.88967443094511,6.3218592352339495,15.987591222375503
2009kq,51,0.01259,0.00086,0.01247,0.00015,0.01169,0.00015,33.5874,0.26006,,0,0,129.063,28.0671,-35.0185,250,7.75299,52.177107523972296,3774.38704622,6.24883766573256,51.5283654035417,6.171142975668888,14.786074278885078
2009kq,66,0.01259,0.00086,0.01247,0.00015,0.01169,0.00015,33.5178,0.26619,,0,0,129.063,28.0671,-35.0185,250,7.75299,50.53124516130745,3774.38704622,6.194373960516911,49.90296680917987,6.11735644290079,14.11290855513664
2001bt,50,0.01279,0.00086,0.01407,0.00015,0.01426,0.00015,33.7492,0.416658,,0,0,288.445,-59.2897,378.659,250,10.7524,56.21341891481521,3834.3455378199997,10.786124012244192,55.5035287816973,10.64991164233868,5.760239623476227
2001ep,57,0.01283,0.00086,0.01306,0.00015,0.01312,0.00015,33.6365,0.287379,,0,0,74.2511,-4.7612,65.6891,250,9.88173,53.37034374568294,3846.3372361399997,7.063187148073122,52.69427618226449,6.973714392418395,12.108488720724218
2001ep,63,0.01283,0.00086,0.01306,0.00015,0.01312,0.00015,33.5028,0.331124,,0,0,74.2511,-4.7612,65.6891,250,9.88173,50.18339051638707,3846.3372361399997,7.652376759900864,49.547693607404085,7.555440458814278,9.120500690049713
2013gy,51,0.01303,0.00085,0.01309,2e-05,0.01355,2e-05,33.7355,0.239783,,0,0,55.5703,-4.7218,18.0714,250,10.4638,55.85988020572562,3906.2957277399996,6.168279917658892,55.141387921113505,6.088941016217577,17.392548417455725
2013gy,56,0.01303,0.00085,0.01309,2e-05,0.01355,2e-05,33.7607,0.28722,,0,0,55.5703,-4.7218,18.0714,250,10.4638,56.511911833272784,3906.2957277399996,7.474813516220767,55.785032855169916,7.378669453244984,12.121898529226295
AT2017cfd,150,0.01304,0.00086,0.01222,0.00016,0.01208,0.00016,33.5752,0.292564,,0,0,130.204,73.4875,-244.554,250,10.6316,51.88478243789646,3909.2936523199996,6.990473110612683,51.21691388088966,6.9004907117317025,11.683103651051935
2017cfd,51,0.01304,0.00086,0.01222,0.00016,0.01208,0.00016,33.5673,0.284786,,0,0,130.204,73.4875,-244.554,250,10.6316,51.69636416648809,3909.2936523199996,6.779916107152934,51.03092095720612,6.692644029014584,12.329990120414413
2007hj,57,0.01325,0.00085,0.01288,0.00013,0.01411,0.00013,33.9682,0.303693,,0,0,345.449,15.5865,-110.604,250,10.8348,62.178465513985024,3972.2500684999995,8.696018721944194,61.36537430445105,8.58230320448477,10.842525108959368
2007hj,5,0.01325,0.00085,0.01288,0.00013,0.01411,0.00013,33.9846,0.299399,,0,0,345.449,15.5865,-110.604,250,10.8348,62.64984487633513,3972.2500684999995,8.638056290251667,61.830589564604125,8.525098732051978,11.15576376601106
2007hj,65,0.01325,0.00085,0.01288,0.00013,0.01411,0.00013,33.9247,0.304606,,0,0,345.449,15.5865,-110.604,250,10.8348,60.94526924225732,3972.2500684999995,8.54917363971602,60.14830421145553,8.43737837623096,10.777625600228664
2008hv,56,0.01375,0.00085,0.0136,7e-05,0.01255,7e-05,33.797,0.277855,,0,0,136.892,3.3923,-42.963,250,10.5379,57.464548659767246,4122.1462974999995,7.352988736069905,56.68512814773588,7.253256459748366,12.952797243688526
2008hv,5,0.01375,0.00085,0.0136,7e-05,0.01255,7e-05,33.7683,0.232778,,0,0,136.892,3.3923,-42.963,250,10.5379,56.710046057272216,4122.1462974999995,6.079216592054458,55.9408592426853,5.9967611265642,18.45508862361994
2008hv,65,0.01375,0.00085,0.0136,7e-05,0.01255,7e-05,33.772,0.235755,,0,0,136.892,3.3923,-42.963,250,10.5379,56.8067574106772,4122.1462974999995,6.1674636226843225,56.0362588514695,6.083811218430898,17.99194751587342
1997E,62,0.01376,0.00085,0.01314,0.00012,0.01315,0.00012,33.7649,0.288791,,0,0,101.909,74.4975,-184.243,250,8.75604,56.621321335575196,4125.14422208,7.530249032021912,55.852786986639046,7.428039212458483,11.990372927514153
2007cv,56,0.01386,0.00086,0.01361,0.00015,0.01245,0.00015,33.6741,0.345367,,0,0,159.439,-27.0825,-73.3599,250,9.00235,54.30252197254557,4155.12346788,8.636673910247866,53.56017790675791,8.518606030662879,8.383750084161084
1992al,50,0.01388,0.00085,0.01434,3e-05,0.01484,3e-05,33.6968,0.233531,,0,0,311.485,-51.3944,134.76,250,10.0338,54.8731636912444,4161.11931704,5.901334382063235,54.12195101120883,5.820545214486168,18.336266904664953
1999dk,50,0.01389,0.00085,0.014,0.0,0.01502,0.0,33.8053,0.288803,,0,0,22.8622,14.2849,31.2944,250,9.64099,57.684615212847234,4164.11724162,7.671978632704419,56.894352654476556,7.566874742530668,11.989376528682625
1999dk,57,0.01389,0.00085,0.014,0.0,0.01502,0.0,33.6651,0.296207,,0,0,22.8622,14.2849,31.2944,250,9.64099,54.07792261758548,4164.11724162,7.376680981341846,53.337070705486276,7.27562258365488,11.397493804191553
ASASSN-16dn,150,0.01411,0.00085,0.01406,0.0001,0.01285,0.0001,33.8206,0.250873,,0,0,162.206,-20.2639,-13.3692,250,8.03684,58.09249108320999,4230.071582379999,6.7115002021898915,57.284210867864424,6.618118549457052,15.888838601690992
ASASSN-16la,150,0.01424,0.00085,0.01424,4e-05,0.01506,4e-05,33.8444,0.265489,,0,0,37.3226,18.0879,-1.3947,250,8.23133,58.73270456472825,4269.04460192,7.180789833594423,57.908093315909696,7.079971045900795,14.187534696975447
2005kc,5,0.01442,0.00085,0.01386,0.0,0.01509,0.0,34.0187,0.307194,,0,0,338.531,5.5684,-167.359,250,10.6541,63.6414403274382,4323.00724436,9.003231417663871,62.73677601726917,8.875250308219346,10.596795226673962
2005kc,64,0.01442,0.00085,0.01386,0.0,0.01509,0.0,34.0249,0.352338,,0,0,338.531,5.5684,-167.359,250,10.6541,63.82340937475665,4323.00724436,10.355836120106426,62.91615837104616,10.208627708549146,8.055287222580217
2007ca,57,0.01442,0.00085,0.01509,1e-05,0.01406,1e-05,34.3366,0.370715,,0,0,202.774,-15.1018,197.318,250,9.44451,73.6749754828709,4323.00724436,12.577833554982586,72.6276842756165,12.399039406737431,7.27645222224196
2007ca,5,0.01442,0.00085,0.01509,1e-05,0.01406,1e-05,34.1781,0.396908,,0,0,202.774,-15.1018,197.318,250,9.44451,68.48886986897841,4323.00724436,12.518593486533058,67.51529925373949,12.340641437011353,6.347757026742598
2007ca,64,0.01442,0.00085,0.01509,1e-05,0.01406,1e-05,34.252,0.397235,,0,0,202.774,-15.1018,197.318,250,9.44451,70.85981269167699,4323.00724436,12.96263197783336,69.85253907816978,12.778367912534609,6.33731050419107
2006N,64,0.01446,0.00085,0.01416,8e-05,0.01416,8e-05,33.9078,0.240515,,0,0,92.1302,64.7236,-89.215,250,9.70642,60.47278918195966,4334.99894268,6.698041764822214,59.610816771444576,6.602568622540282,17.286842147887732
2006td,64,0.0145,0.00085,0.01504,9e-05,0.01588,9e-05,34.1727,0.365029,,0,0,29.5657,36.3494,161.174,250,9.15931,68.31876389885588,4346.990641,11.484525411396314,67.34230054101121,11.320379902805632,7.504906097401329
2013gq,51,0.01453,0.00085,0.01457,4e-05,0.01381,4e-05,33.7526,0.2163,,0,0,124.473,23.4696,11.9841,250,10.8931,56.30150445982196,4355.98441474,5.608183351209329,55.495159788100864,5.527863494632322,21.374056896457017
2004eo,5,0.0146,0.00085,0.0142,5e-05,0.01517,5e-05,33.8826,0.249316,,0,0,308.226,9.9285,-117.106,250,9.18868,59.775057148597014,4376.9698868,6.863029013285756,58.91489961422927,6.764270661626016,16.08791262868093
2003gt,57,0.01462,0.00085,0.01422,2e-05,0.01519,2e-05,33.9253,0.243928,,0,0,308.246,9.872,-117.106,250,7.0,60.962111369189465,4382.96573596,6.848056570691743,60.08368785278179,6.749380625940493,16.806477177797323
2005bo,5,0.01463,0.00085,0.01503,3e-05,0.01389,3e-05,33.7553,0.390506,,0,0,192.421,-11.0965,118.876,250,7.89478,56.37155306250799,4385.96366054,10.13755901468336,55.55872885929649,9.991385051381647,6.557594802780379
2005bo,57,0.01463,0.00085,0.01503,3e-05,0.01389,3e-05,33.7189,0.39282,,0,0,192.421,-11.0965,118.876,250,7.89478,55.434482806991944,4385.96366054,10.02811430659328,54.635170266000365,9.883518431934084,6.4805642008226165
2001fe,63,0.01467,0.00085,0.01448,1e-05,0.01351,1e-05,33.8916,0.240694,,0,0,144.488,25.4948,-56.6491,250,9.95617,60.02331815102526,4397.95535886,6.653205666224099,59.155506865311146,6.557014266928261,17.2611398525342
2013fa,51,0.01472,0.00085,0.01429,4e-05,0.0153,4e-05,33.7894,0.397352,,0,0,310.973,12.5144,-126.778,250,8.70972,57.26377834572673,4412.94498176,10.478547530014488,56.43308335868685,10.32654084872131,6.3335790209367575
2000dm,57,0.01484,0.00085,0.01472,1e-05,0.0151,1e-05,34.0109,0.270222,,0,0,274.746,16.2482,-35.4736,250,7.0,63.413248271864106,4448.92007672,7.8912606485002454,62.48595667480993,7.775866785404838,13.69489137836125
PSNJ2043531,150,0.01492,0.00085,0.01449,2e-05,0.01549,2e-05,34.1902,0.372674,,0,0,310.972,12.5085,-126.778,250,7.58761,68.8715726485769,4472.903473359999,11.819926586565995,67.8591146578813,11.646165792935397,7.2001544146037375
2011df,51,0.01493,0.00085,0.01402,2e-05,0.01454,2e-05,33.8524,0.277558,,0,0,291.89,54.3865,-268.951,250,9.78368,58.949482920027194,4475.90139794,7.534933673857669,58.08231397241897,7.424091980587496,12.980532268481674
2005el,57,0.01499,0.00086,0.01483,0.00012,0.01484,0.00012,33.974,0.229564,,0,0,77.953,5.1943,-46.3298,250,8.06485,62.344766110500494,4493.88894542,6.5909720172678865,61.424020049951714,6.493632466593647,18.97546525807402
2005el,64,0.01499,0.00086,0.01483,0.00012,0.01484,0.00012,33.9261,0.231708,,0,0,77.953,5.1943,-46.3298,250,8.06485,60.98457477866844,4493.88894542,6.507388162469721,60.08391686486412,6.411283029852235,18.625928986051818
2001cn,50,0.01515,0.00086,0.01509,0.00013,0.01515,0.00013,33.8877,0.294985,,0,0,281.574,-65.7616,-20.0052,250,10.0603,59.91561203881482,4541.8557387,8.139273029587832,59.021437264261266,8.01780330944967,11.492119536594908
2005de,57,0.01519,0.00085,0.01495,6e-05,0.01526,6e-05,34.1793,0.26677,,0,0,270.597,26.0521,-72.364,250,7.0,68.52672867698122,4553.84743702,8.418654240801857,67.50138267416072,8.292688305442189,14.051607893945445
SN2017jl,150,0.01525,0.00096,0.01529,0.00044,0.01633,0.00044,33.7706,0.30219,,0,0,14.3829,30.1852,11.8215,250,8.7366,56.77014454455643,4571.834984499999,7.900339836112044,55.91740413155029,7.781669378096079,10.950648088975408
ASASSN-16ad,150,0.01529,0.00085,0.01522,1e-05,0.01613,1e-05,34.0334,0.344305,,0,0,24.8836,33.8268,-21.2326,250,8.61292,64.07372899273545,4583.826682819999,10.159422318314563,63.10879550939678,10.006424093918548,8.435548774069805
ATLAS16cxr,150,0.01542,0.00131,0.01518,0.001,0.01552,0.001,34.3426,0.372888,,0,0,272.027,25.4088,-72.364,250,7.98113,73.87882846680746,4622.79970236,12.686566252742724,72.75691680960338,12.493910158104748,7.1918924651521206
iPTF16auf,150,0.01543,0.00085,0.01566,0.0,0.01502,0.0,34.0744,0.314862,,0,0,217.788,27.236,68.1596,250,9.05163,65.29501109366464,4625.79762694,9.467731523032965,64.30281860262612,9.323864296931314,10.08694146228287
2008bc,5,0.01546,0.00086,0.01572,0.00012,0.01509,0.00012,34.0331,0.226465,,0,0,144.63,-63.9738,78.504,250,9.92086,64.06487749139562,4634.791400679999,6.681389281073561,63.08951361097002,6.57966761967341,19.498347975413825
2011im,56,0.01549,0.00085,0.01493,1e-05,0.01616,1e-05,34.2732,0.34036,,0,0,341.105,-0.1672,-164.78,250,10.5259,71.55500229746214,4643.78517442,11.215643576788379,70.46352233647022,11.044563291404522,8.632229338417243
1999ej,57,0.0155,0.00085,0.01534,3e-05,0.0163,3e-05,34.2581,0.272528,,0,0,20.7391,33.4661,-45.8971,250,10.0866,71.05914865632715,4646.783098999999,8.918191905245354,69.97454323616657,8.782069822989024,13.464112813165311
1999ej,62,0.0155,0.00085,0.01534,3e-05,0.0163,3e-05,34.2112,0.258071,,0,0,20.7391,33.4661,-45.8971,250,10.0866,69.54085083667616,4646.783098999999,8.264658043833865,68.47941982932167,8.13851112145137,15.014870493279341
2001en,57,0.0155,0.00085,0.01534,1e-05,0.01629,1e-05,33.9994,0.28632,,0,0,21.3454,34.0251,-45.8971,250,9.47732,63.07830286068449,4646.783098999999,8.317204306130032,62.11551241820235,8.190255348232428,12.198224703555814
2001en,63,0.0155,0.00085,0.01534,1e-05,0.01629,1e-05,33.8852,0.313932,,0,0,21.3454,34.0251,-45.8971,250,9.47732,59.84667133433012,4646.783098999999,8.652094838043231,58.933206631541225,8.520034306295647,10.146793599690735
2001V,63,0.01557,0.00124,0.01592,0.0009,0.01488,0.0009,33.7902,0.290577,,0,0,179.354,25.2025,102.366,250,10.9081,57.28487898795195,4667.76857106,7.665613529665009,56.40662779321164,7.548089771916272,11.843430849113515
2001V,50,0.01557,0.00124,0.01592,0.0009,0.01488,0.0009,33.8072,0.290395,,0,0,179.354,25.2025,102.366,250,10.9081,57.73511032012108,4667.76857106,7.721022513542569,56.84995649745569,7.60264926449439,11.858280828465306
2008ec,57,0.01562,0.00085,0.01506,6e-05,0.01631,6e-05,34.1732,0.264363,,0,0,345.819,8.8722,-166.157,250,10.6407,68.33449668682312,4682.7581939599995,8.319291771081264,67.28352797977897,8.191342993522444,14.308649872222299
2008ec,56,0.01562,0.00085,0.01506,6e-05,0.01631,6e-05,34.1302,0.33431,,0,0,345.819,8.8722,-166.157,250,10.6407,66.99463109105689,4682.7581939599995,10.314188207917697,65.96426920605826,10.15555838592948,8.94749089006965
2008eo,51,0.01565,0.00092,0.01539,0.00037,0.01643,0.00037,34.3317,0.278713,,0,0,10.4668,32.9903,-78.2972,250,9.01416,73.50891287397896,4691.7519677,9.435021851559883,72.37622495345735,9.28963900119124,12.873171291985976
2009nq,66,0.01576,0.00085,0.01527,1e-05,0.01649,1e-05,34.1657,0.28688,,0,0,348.821,19.0229,-146.875,250,10.1323,68.098884818216,4724.72913808,8.996756298184746,67.04229819860598,8.857167340892284,12.150648444141542
2005al,5,0.01578,0.00085,0.01629,5e-05,0.01538,5e-05,33.9986,0.219937,,0,0,207.501,-30.5762,148.664,250,10.2599,63.05506823534615,4730.72498724,6.386515657164967,62.07551658365606,6.287302031113989,20.672995317749784
2013hn,56,0.01578,0.00085,0.01629,0.0001,0.01538,0.0001,34.0697,0.290382,,0,0,207.247,-30.2907,148.664,250,11.5,65.15383744897365,4730.72498724,8.712752482230515,64.14168171156516,8.57740109298324,11.859342609853153
2001bf,57,0.01581,0.00086,0.01556,0.00013,0.01587,0.00013,33.9926,0.239289,,0,0,270.392,26.2506,-72.364,250,10.1288,62.881081125928546,4739.71876098,6.929284920039254,61.90240411684128,6.821437985488677,17.46443461120945
2001bf,63,0.01581,0.00086,0.01556,0.00013,0.01587,0.00013,33.9004,0.218994,,0,0,270.392,26.2506,-72.364,250,10.1288,60.26705918756981,4739.71876098,6.077960881235797,59.32906664392928,5.983363898008285,20.851416708835508
ASASSN-15oh,150,0.01587,0.00085,0.01579,0.00011,0.01683,0.00011,34.3916,0.270341,,0,0,337.675,39.2932,-24.6285,250,10.1993,75.56488052053176,4757.7063084599995,9.40757307128388,74.38440009108622,9.260607234472795,13.682837465775428
1994S,61,0.01588,0.00085,0.01619,1e-05,0.01524,1e-05,34.0287,0.224824,,0,0,187.841,29.1344,92.3246,250,10.2053,63.93519586900459,4760.704233039999,6.619548290394919,62.935775750093114,6.516073050355278,19.784025322975037
1999aa,57,0.0159,0.00085,0.01579,1e-05,0.01497,1e-05,34.1663,0.242893,,0,0,126.925,21.4874,-33.5706,250,10.8086,68.11770383528335,4766.7000822,7.619398416095599,67.05158365516621,7.5001460932135045,16.950011692786745
1999aa,62,0.0159,0.00085,0.01579,1e-05,0.01497,1e-05,34.1323,0.209471,,0,0,126.925,21.4874,-33.5706,250,10.8086,67.05945198200605,4766.7000822,6.468887380085136,66.00989465696038,6.36764187428402,22.790412611842257
2002cs,57,0.0159,0.00085,0.01538,3e-05,0.01584,3e-05,34.0329,0.272511,,0,0,281.75,45.7055,-154.799,250,7.0,64.05897716984383,4766.7000822,8.03914240449418,63.05638071645224,7.913320606845339,13.465792723754028
iPTF14bdn,56,0.01603,0.00085,0.01636,1e-05,0.01558,1e-05,34.1062,0.281582,,0,0,202.687,32.7618,96.3614,250,7.76651,66.25825592012608,4805.67310174,8.591926904867838,65.21289324146538,8.456371273355943,12.612181774392994
2007ss,65,0.01652,0.00085,0.01619,1e-05,0.01557,1e-05,34.4137,0.34637,,0,0,190.275,50.3913,-97.1613,250,10.31,76.33786332418472,4952.57140616,12.176597595125873,75.09725664441892,11.978709317205634,8.335265941148393
2010kg,56,0.01652,0.00085,0.01595,1e-05,0.01614,1e-05,33.9999,0.334729,,0,0,70.035,7.35,-167.485,250,10.2421,63.09282884897219,4952.57140616,9.725658689116068,62.067474175591414,9.567601905634978,8.9251047074459
2013fw,51,0.01656,0.00085,0.0157,3e-05,0.01679,3e-05,34.1608,0.218117,,0,0,318.437,13.576,-253.348,250,9.7636,67.9453906582054,4964.563104479999,6.824882834913507,66.8385443635451,6.71370389835672,21.019431634930545
2013Q,56,0.01657,0.00085,0.01612,1e-05,0.01727,1e-05,33.9726,0.41528,,0,0,356.783,29.4865,-131.672,250,7.0,62.304583908963586,4967.56102906,11.915347159063531,61.289024768548735,11.72112806699345,5.798530798882423
iPTF13dge,56,0.01662,0.00085,0.01581,1e-05,0.01586,1e-05,34.2793,0.261916,,0,0,75.8962,1.5715,-237.139,250,10.6697,71.75629390220533,4982.550651959999,8.65501278824758,70.58320109992458,8.513518117140702,14.577261375787549
2007fs,51,0.01666,0.00086,0.01633,0.00015,0.01737,0.00015,34.3408,0.198023,,0,0,330.418,-21.5082,-98.053,250,10.4452,73.8176134177459,4994.54235028,6.731646783888298,72.6079647254204,6.621335337171029,25.501676289204447
SN2016gfr,150,0.01671,0.00086,0.0163,0.00012,0.01669,0.00012,33.8985,0.245383,,0,0,274.898,23.7862,-122.825,250,9.56317,60.21434963870288,5009.531973179999,6.804405016909884,59.2247048211416,6.692572136508821,16.60775985891863
ASASSN-16ip,150,0.01678,0.00085,0.01632,0.0001,0.01701,0.0001,34.1679,0.246475,,0,0,36.8407,-23.9287,-135.07,250,9.75333,68.16791330988032,5030.51744524,7.737462543581515,67.04293289588733,7.609770593030463,16.460925502573403
PSNJ0107203,150,0.01682,0.00085,0.01601,4e-05,0.01701,4e-05,33.9673,0.284408,,0,0,16.8346,32.3997,-240.34,250,11.0223,62.152700036398635,5042.509143560001,8.140432747146866,61.12458452469329,8.005775601529145,12.362786901820888
1998ef,57,0.0169,0.00085,0.0161,0.0,0.01711,0.0,33.841,0.289311,,0,0,15.862,32.2368,-236.776,250,10.3088,58.640815327647644,5066.492540199999,7.812870589056423,57.66625560787457,7.683027425564386,11.947309299687554
1998ef,62,0.0169,0.00085,0.0161,0.0,0.01711,0.0,33.8975,0.264562,,0,0,15.862,32.2368,-236.776,250,10.3088,60.18662628995737,5066.492540199999,7.332855879145574,59.18637652665687,7.210990145683523,14.287132417497562
ASASSN-15ti,150,0.01692,0.00085,0.01671,6e-05,0.01732,6e-05,34.4894,0.310314,,0,0,46.2858,37.9,-61.2857,250,8.44463,79.0460185601487,5072.48838936,11.296061647377021,77.7308132007913,11.10811238580913,10.384779056354144
ASASSN-15od,150,0.01698,0.00085,0.01678,1e-05,0.0176,1e-05,34.3409,0.228387,,0,0,35.8049,-4.5172,-57.138,250,9.51783,73.82101292274679,5090.475936839999,7.764206261383371,72.58846085738834,7.634571241699316,19.171550608208396
1996bv,61,0.01699,0.00085,0.01673,2e-05,0.01667,2e-05,34.0755,0.297815,,0,0,94.0542,57.0525,-79.1319,250,10.0622,65.32809588303897,5093.4738614200005,8.959674914654528,64.23671411030489,8.809993131352842,11.27474852364701
1997Y,62,0.01705,0.00085,0.01661,1e-05,0.01608,1e-05,34.1973,0.214463,,0,0,191.381,54.7381,-127.659,250,10.0796,69.09712856667998,5111.4614089,6.824299226116846,67.93877249562951,6.709895507710384,21.741787484924366
2001da,57,0.01718,0.00085,0.01658,1e-05,0.01782,1e-05,34.022,0.308995,,0,0,358.387,8.1174,-175.6,250,10.1168,63.73823014383464,5150.43442844,9.069788009731893,62.66170210172697,8.916600807852978,10.473626828846161
2001da,63,0.01718,0.00085,0.01658,1e-05,0.01782,1e-05,34.2003,0.325329,,0,0,358.387,8.1174,-175.6,250,10.1168,69.1926557502502,5150.43442844,10.366411935018693,68.02400337231384,10.191324971999737,9.448316731566422
ASASSN-15kx,150,0.0172,0.00085,0.01697,8e-05,0.01802,8e-05,34.6084,0.219814,,0,0,334.049,37.4738,-70.1331,250,10.5578,83.49875499488888,5156.4302775999995,8.45241931235741,82.08686098593087,8.309495981476022,20.696137518407703
2000dk,57,0.0173,0.00085,0.01649,0.0001,0.01749,0.0001,34.1436,0.28269,,0,0,16.848,32.4064,-240.34,250,10.0012,67.40932835671431,5186.4095234,8.775586072219392,66.2629788230751,8.626350213525402,12.513508942937461
2000dk,62,0.0173,0.00085,0.01649,0.0001,0.01749,0.0001,34.1517,0.257136,,0,0,16.848,32.4064,-240.34,250,10.0012,67.66124737489511,5186.4095234,8.012140715555686,66.51061375690072,7.87588785565289,15.12426340675012
2007fb,51,0.01733,0.00085,0.0168,1e-05,0.01803,1e-05,34.4009,0.221698,,0,0,359.218,5.5088,-156.633,250,9.6287,75.8892044287888,5195.40329714,7.747961599568114,74.59644798520519,7.61597672295923,20.345878632997046
2007fb,65,0.01733,0.00085,0.0168,1e-05,0.01803,1e-05,34.5101,0.231239,,0,0,359.218,5.5088,-156.633,250,9.6287,79.80314371275912,5195.40329714,8.498196462512565,78.44371414659857,8.353431494709254,18.70155999506487
2006ef,57,0.01734,0.00085,0.01694,0.0,0.01781,0.0,34.361,0.220285,,0,0,31.0813,-8.7284,-118.11,250,7.8489,74.5075014636251,5198.40122172,7.558412848345133,73.23756213618368,7.42958386414093,20.60772968666216
2008C,5,0.01737,0.00085,0.01709,1e-05,0.01662,1e-05,34.31,0.263557,,0,0,104.298,20.4371,-83.4081,250,10.0322,72.7779804536825,5207.394995459999,8.833244258767351,71.53541037546074,8.682430441989984,14.396300030170634
2008C,65,0.01737,0.00085,0.01709,1e-05,0.01662,1e-05,34.2669,0.262425,,0,0,104.298,20.4371,-83.4081,250,10.0322,71.347703689321,5207.394995459999,8.622454081671293,70.12955334767193,8.475239177163955,14.520768051703806
2004fz,57,0.01743,0.00085,0.01646,1e-05,0.01732,1e-05,33.7799,0.330633,,0,0,30.2767,31.8789,-287.203,250,7.0,57.013801585025014,5225.38254294,8.681042493034003,56.03707536147451,8.532324084245602,9.147609242097674
2006ax,64,0.01747,0.00086,0.01774,0.00015,0.01649,0.00015,34.3228,0.200241,,0,0,171.014,-12.2914,81.232,250,10.997,73.20824571427217,5237.3742412599995,6.7508535986129505,71.95125725011269,6.634941176263625,24.939858727169153
2006ax,5,0.01747,0.00086,0.01774,0.00015,0.01649,0.00015,34.3133,0.19782,,0,0,171.014,-12.2914,81.232,250,10.997,72.88866568219981,5237.3742412599995,6.640119295121445,71.63716441978615,6.526108185127271,25.55404204075357
1998V,62,0.01752,0.00085,0.01718,2e-05,0.01758,2e-05,34.1465,0.231417,,0,0,275.656,15.7021,-102.505,250,10.5657,67.499413612195,5252.36386416,7.193511523074396,66.33718611152115,7.069651233464105,18.672801542266612
2013gs,56,0.01776,0.00085,0.01748,2e-05,0.01681,2e-05,34.2221,0.320412,,0,0,142.787,46.3848,-82.5995,250,9.13025,69.89079812955951,5324.3140540800005,10.312749225893745,68.67119765913331,10.132790860216303,9.74052699653846
2008L,57,0.01778,0.00085,0.01734,9e-05,0.01789,9e-05,34.3364,0.210115,,0,0,49.3194,41.3827,-129.753,250,10.7703,73.66819007934417,5330.30990324,7.128247032146094,72.38125142893766,7.003720874988794,22.65092201605852
2008L,64,0.01778,0.00085,0.01734,9e-05,0.01789,9e-05,34.2464,0.213428,,0,0,49.3194,41.3827,-129.753,250,10.7703,70.6773080847587,5330.30990324,6.946676570150054,69.44261833083644,6.8253223389632875,21.953168490077463
2009le,5,0.01784,0.00085,0.01739,0.0001,0.01815,0.0001,34.2939,0.246602,,0,0,32.3214,-23.4124,-131.59,250,10.7233,72.24037637475715,5348.297450720001,8.203936286133352,70.97419670553047,8.060143329141468,16.443975119157717
2009le,66,0.01784,0.00085,0.01739,0.0001,0.01815,0.0001,34.2418,0.22287,,0,0,32.3214,-23.4124,-131.59,250,10.7233,70.5277452812586,5348.297450720001,7.238645318240879,69.29158343281713,7.1117713179290245,20.132456707381518
2000dr,57,0.0179,0.00086,0.01765,0.00015,0.01867,0.00015,34.2975,0.318912,,0,0,15.4335,-15.5692,-72.5296,250,7.0,72.36024022802509,5366.2849982,10.627143513529937,71.08776916006002,10.44026280924446,9.832371463739308
2007as,5,0.01802,0.00097,0.01791,0.00046,0.01757,0.00046,34.2661,0.234211,,0,0,141.9,-80.1776,-31.2987,250,10.2193,71.32142306525864,5402.26009316,7.6925968501062,70.05896059533079,7.55642998183356,18.229947722747674
1992bo,50,0.01808,0.00086,0.01805,0.00015,0.01884,0.00015,34.6078,0.20147,,0,0,20.4925,-34.212,-8.5279,250,10.4023,83.47568662342454,5420.247640639999,7.744904568125676,81.99324868716066,7.607363437181435,24.6365123425761
2010ai,66,0.01826,0.00085,0.01918,4e-05,0.01826,4e-05,34.9792,0.21848,,0,0,194.85,27.9964,270.964,250,9.114,99.04669761480669,5474.2102830799995,9.96546048664909,97.27053759826242,9.786754352178313,20.949642957749028
ASASSN-17co,150,0.01826,0.00086,0.01791,0.00015,0.01826,0.00015,34.2005,0.280568,,0,0,272.336,18.2983,-102.666,250,10.9028,69.19902892284811,5474.2102830799995,8.940953180773205,67.95811376549027,8.780619076437457,12.70350981048891
PS15coh,150,0.01839,0.00085,0.01796,7e-05,0.01884,7e-05,34.4393,0.226901,,0,0,33.9935,12.2372,-126.669,250,8.09212,77.2431542447228,5513.18330262,8.071274064765232,75.8483039353517,7.925523684212564,19.423486146417535
2009gf,65,0.01855,0.00085,0.01925,1e-05,0.01844,1e-05,34.492,0.255362,,0,0,213.905,14.2802,205.329,250,10.9824,79.14072053994839,5561.1500958999995,9.306833736388295,77.69939673059584,9.13733615079112,15.335129853896458
2009gf,56,0.01855,0.00085,0.01925,1e-05,0.01844,1e-05,34.576,0.296243,,0,0,213.905,14.2802,205.329,250,10.9824,82.26213938831101,5561.1500958999995,11.222607688688182,80.76396778588288,11.018219713011812,11.394723883240527
2016ffh,51,0.01865,0.00085,0.01851,1e-05,0.01819,1e-05,34.6171,0.238984,,0,0,227.956,46.251,-41.1108,250,10.1899,83.83396365296068,5591.1293417,9.226447401237008,82.29908570457043,9.057524568043005,17.50904053955169
ATLAS16cpu,150,0.01865,0.00085,0.01851,1e-05,0.01819,1e-05,34.5716,0.239989,,0,0,227.956,46.251,-41.1108,250,10.0079,82.09562244306777,5591.1293417,9.07312763825465,80.59257099402912,8.907011866936289,17.362702655714152
2000cu,57,0.01866,0.00086,0.01902,0.00015,0.01957,0.00015,34.6066,0.277471,,0,0,291.087,-25.9846,105.612,250,7.0,83.42956899817392,5594.127266279999,10.660640143546336,81.90129090979711,10.465356589584687,12.988673539837988
2011fs,51,0.01875,0.00085,0.01822,1e-05,0.01929,1e-05,34.5466,0.215514,,0,0,334.331,35.5806,-157.597,250,10.877,81.15588162388235,5621.1085875,8.054547962774116,79.66221509092746,7.906304748735328,21.53024762497838
2011fs,56,0.01875,0.00085,0.01822,1e-05,0.01929,1e-05,34.4866,0.321023,,0,0,334.331,35.5806,-157.597,250,10.877,78.94415854280373,5621.1085875,11.670832425419647,77.4911985696233,11.456031828632781,9.703484178331728
ASASSN-16cs,150,0.01905,0.00085,0.01839,1e-05,0.01802,1e-05,34.4286,0.281407,,0,0,102.653,31.1124,-194.645,250,9.10557,76.86347233838467,5711.0463249,9.960945884247423,75.42659569048101,9.774737141698074,12.627873054927248
2006kf,5,0.01947,0.00085,0.01955,1e-05,0.02004,1e-05,34.7747,0.195403,,0,0,55.4603,8.1569,23.4756,250,11.0165,90.14465895539273,5836.95915726,8.111793968307714,88.42306193943197,7.956873638564855,26.19012346569716
2006kf,64,0.01947,0.00085,0.01955,1e-05,0.02004,1e-05,34.8085,0.195531,,0,0,55.4603,8.1569,23.4756,250,11.0165,91.55878059757862,5836.95915726,8.24444273414154,89.81017646186608,8.086989057197895,26.155845130929304
2008hs,56,0.01975,0.00085,0.01835,7e-05,0.01906,7e-05,34.757,0.466611,,0,0,36.3734,41.8431,-411.415,250,11.0508,89.4128627502953,5920.9010455,19.213242184399792,87.68115984338839,18.841129869477612,4.59293241178748
2008hs,65,0.01975,0.00085,0.01835,7e-05,0.01906,7e-05,34.7394,0.433516,,0,0,36.3734,41.8431,-411.415,250,11.0508,88.69109156358236,5920.9010455,17.70642218698201,86.9733675543833,17.36349319635402,5.32095686553453
2007au,57,0.01976,0.00085,0.01992,4e-05,0.01964,4e-05,34.6865,0.406241,,0,0,107.942,49.8537,48.0651,250,9.23827,86.55656238626577,5923.898970079999,16.193079085997805,84.87934649943689,15.879304038202916,6.059440074465582
2016W,150,0.01995,0.00085,0.01855,7e-05,0.01925,7e-05,34.3648,0.295725,,0,0,37.6655,42.236,-411.415,250,8.45606,74.63800111046943,5980.859537099999,10.164680325508094,73.17809805428642,9.965861390762385,11.43467746466129
2002kf,63,0.02001,0.00085,0.01948,9e-05,0.0193,9e-05,34.6854,0.204275,,0,0,99.3138,49.8528,-156.974,250,9.26363,86.51272664305601,5998.847084579999,8.13843508099058,84.81556714449466,7.9787796992094,23.964565633785398
1992bc,50,0.02006,0.00086,0.01976,0.00013,0.02017,0.00013,34.5121,0.199486,,0,0,46.3169,-39.5596,-87.8991,250,9.61338,79.87667898343904,6013.83670748,7.338006743194134,78.30586336435017,7.193701099145279,25.128997070429254
2009ds,5,0.02019,0.00086,0.02033,0.00015,0.01909,0.00015,34.5072,0.233893,,0,0,177.267,-9.7291,40.336,250,10.9264,79.69663780100663,6052.80972702,8.584260902188207,78.11940697419759,8.414374677450482,18.27955215083119
2009ds,65,0.02019,0.00086,0.02033,0.00015,0.01909,0.00015,34.702,0.19246,,0,0,177.267,-9.7291,40.336,250,10.9264,87.17661466018488,6052.80972702,7.726559722320781,85.45135186601014,7.573647773768397,26.99721946997569
2006ej,57,0.02023,0.00085,0.01926,1e-05,0.02038,1e-05,34.5995,0.188309,,0,0,9.749,-9.0157,-285.871,250,10.1949,83.15722724645887,6064.80142534,7.2113531062740295,81.50831405316337,7.068360179835948,28.200567356944006
2006ej,56,0.02023,0.00085,0.01926,1e-05,0.02038,1e-05,34.5012,0.295566,,0,0,9.749,-9.0157,-285.871,250,10.1949,79.47673180408431,6064.80142534,10.817830154995619,77.90079864744646,10.603324892421924,11.4469833641548
2006ej,5,0.02023,0.00085,0.01926,1e-05,0.02038,1e-05,34.576,0.189903,,0,0,9.749,-9.0157,-285.871,250,10.1949,82.26213938831101,6064.80142534,7.194117221014342,80.63097476873942,7.05146606256858,27.729136705693204
2006ej,64,0.02023,0.00085,0.01926,1e-05,0.02038,1e-05,34.6482,0.187832,,0,0,9.749,-9.0157,-285.871,250,10.1949,85.04327961479471,6064.80142534,7.356229453619736,83.35696814913766,7.210363794065786,28.343980097167375
2002jy,63,0.02024,0.00085,0.0187,3e-05,0.0196,3e-05,34.9988,0.187715,,0,0,20.3178,40.4987,-453.051,250,10.719,99.9447532244225,6067.79934992,8.639819354509738,97.96200229791275,8.468418562798693,28.379323880615228
2016hpw,18,0.02034,0.00087,0.02019,0.00018,0.02117,0.00018,34.8165,0.241825,,0,0,317.283,-18.1039,-41.7186,250,7.0,91.89671773189242,6097.778595719999,10.234034597043538,90.06479970587492,10.030023910699901,17.100058932146847
ATLAS16dqf,150,0.02034,0.00087,0.02019,0.00018,0.02117,0.00018,34.5749,0.375822,,0,0,317.283,-18.1039,-41.7186,250,7.75897,82.22047851455751,6097.778595719999,14.230097762642869,80.58145178524562,13.94642742874225,7.080038204999703
2005ki,64,0.02035,0.00085,0.02066,1e-05,0.01946,1e-05,34.5709,0.187708,,0,0,160.118,9.2023,88.401,250,11.0605,82.06916220628214,6100.7765203,7.094282309047899,80.43236360688209,6.952792972066348,28.38144056153758
2005ki,5,0.02035,0.00085,0.02066,1e-05,0.01946,1e-05,34.5656,0.177716,,0,0,160.118,9.2023,88.401,250,11.0605,81.86909695599066,6100.7765203,6.700268615373304,80.2362884853145,6.566637541405697,31.66262670209789
2005ki,51,0.02035,0.00085,0.02066,1e-05,0.01946,1e-05,34.4931,0.19075,,0,0,160.118,9.2023,88.401,250,11.0605,79.18082090942747,6100.7765203,6.955530046010562,77.6016277840226,6.816808003146529,27.48342835156114
ASASSN-15lg,150,0.02044,0.00085,0.02121,1e-05,0.02015,1e-05,34.6552,0.214591,,0,0,198.887,3.5007,224.978,250,9.66664,85.31786910603553,6127.75784152,8.431351358229719,83.60890312613728,8.26246654210901,21.71585798362663
2001dl,57,0.02049,0.00085,0.01983,1e-05,0.02095,1e-05,35.1263,0.375783,,0,0,320.257,9.1807,-194.815,250,7.0,105.98880607155415,6142.74746442,18.341836321493734,103.86070032195725,17.973558115702982,7.081507860723324
PSNJ1602512,150,0.02052,0.00086,0.02039,0.00013,0.02025,0.00013,34.556,0.333904,,0,0,240.714,47.2248,-37.1359,250,9.81701,81.50795556116006,6151.74123816,12.533353992628664,79.86904280284566,12.28134087781588,8.969262955233837
2007st,5,0.02056,0.00085,0.02061,3e-05,0.02113,3e-05,34.4168,0.217156,,0,0,27.177,-48.6494,12.8917,250,10.7947,76.44692129558828,6163.732936479999,7.6450004928052335,74.90683673237075,7.4909858242584795,21.2058816479978
ASASSN-17bs,150,0.02056,0.00085,0.02014,2e-05,0.02039,2e-05,34.5647,0.249505,,0,0,268.026,21.566,-125.067,250,10.0832,81.83517208561632,6163.732936479999,9.402967554061762,80.18653688721518,9.213537228640906,16.06354867722558
2010A,66,0.02081,0.00085,0.02079,2e-05,0.02159,2e-05,34.4863,0.330445,,0,0,38.1644,0.6195,-6.6815,250,9.92075,78.93325275760753,6238.681050979999,12.011710852590651,77.32413745712476,11.766842852823396,9.15802089756929
2003W,57,0.02082,0.00085,0.02087,0.0,0.01979,0.0,34.674,0.230899,,0,0,146.706,16.0438,14.6045,250,10.9327,86.0597341192822,6241.67897556,9.15098274393219,84.30451413499166,8.964345079379507,18.75667683734795
2003W,63,0.02082,0.00085,0.02087,0.0,0.01979,0.0,34.6349,0.254511,,0,0,146.706,16.0438,14.6045,250,10.9327,84.52399195272275,6241.67897556,9.906773681122539,82.80009399573161,9.704721381950332,15.437852433736838
2001br,57,0.0209,0.00087,0.02046,0.0002,0.0209,0.0002,34.8118,0.300223,,0,0,277.607,34.1036,-127.602,250,7.0,91.69802882197341,6265.6623721999995,12.677967809479181,89.82077463216125,12.418422773512765,11.094610992503254
ASASSN-16lc,18,0.02096,0.00086,0.02001,9e-05,0.02033,9e-05,34.6956,0.216494,,0,0,292.252,-51.971,-278.074,250,7.0,86.92005651004673,6283.64991968,8.665857614225036,85.13561403977309,8.487950178484011,21.33576752888868
AT2016eoa,150,0.02106,0.00085,0.01993,7e-05,0.02109,7e-05,34.6693,0.230687,,0,0,5.3461,22.4354,-331.623,250,10.2163,85.87366528916394,6313.62916548,9.122813689801585,84.102467327252,8.934649961610077,18.791167230311352
ASASSN-16lg,150,0.02116,0.00086,0.02093,0.00011,0.02117,0.00011,34.375,0.203089,,0,0,267.051,17.6256,-66.5899,250,10.4449,74.98942093324558,6343.60841128,7.013456142095127,73.43552521959887,6.868126583586438,24.24527964809473
2004bw,57,0.02116,0.00087,0.02207,0.00015,0.0214,0.00015,34.8194,0.196425,,0,0,225.945,-3.3046,266.523,250,7.0,92.01952772713382,6343.60841128,8.323815515495696,90.11274210420876,8.151333302808272,25.918297846890866
2008Z,57,0.02118,0.00085,0.02146,1e-05,0.02062,1e-05,35.118,0.310686,,0,0,145.814,36.2844,82.5593,250,7.0,105.58445924300814,6349.60426044,15.10662219819819,103.3945624111402,14.793300102037046,10.35992550618321
2008Z,65,0.02118,0.00085,0.02146,1e-05,0.02062,1e-05,35.2056,0.304103,,0,0,145.814,36.2844,82.5593,250,7.0,109.93095479250249,6349.60426044,15.395237350822105,107.65090854942565,15.075929170980734,10.813308438516675
2007bc,57,0.02131,0.00085,0.02187,1e-05,0.02075,1e-05,34.7561,0.180584,,0,0,169.811,20.809,163.394,250,10.5792,89.37581189849209,6388.57727998,7.432671741600798,87.51095347983677,7.277586375929736,30.66489365162694
2007bc,5,0.02131,0.00085,0.02187,1e-05,0.02075,1e-05,34.7344,0.177177,,0,0,169.811,20.809,163.394,250,10.5792,88.48710771347793,6388.57727998,7.2199306860378,86.64079242686151,7.0692842389066985,31.855565003830126
2007bc,64,0.02131,0.00085,0.02187,1e-05,0.02075,1e-05,34.7419,0.187753,,0,0,169.811,20.809,163.394,250,10.5792,88.79325975769517,6388.57727998,7.677371734601225,86.9405564987077,7.517180615681062,28.367837457757506
SN2016ajf,150,0.02134,0.00085,0.01978,3e-05,0.02032,3e-05,34.7627,0.339971,,0,0,49.9771,41.565,-460.506,250,11.5,89.6478750891956,6397.57105372,14.035489287537603,87.77476167505003,13.742230097262032,8.651994896739065
2009dc,5,0.02137,0.00085,0.02179,1e-05,0.02146,1e-05,34.3468,0.19901,,0,0,237.801,25.7078,123.081,250,10.4214,74.02186106986466,6406.56482746,6.783917910702547,72.47311069432688,6.6419788232497,25.24934989173243
2018fop,18,0.02151,0.00086,0.02017,9e-05,0.02121,9e-05,34.5899,0.199177,,0,0,18.8255,-6.859,-395.682,250,7.0,82.79040364445733,6448.53577158,7.593899952136881,81.04708093357611,7.433994725589453,25.207026995916692
ASASSN-15uv,150,0.02153,0.00085,0.02104,2e-05,0.02028,2e-05,34.6114,0.393324,,0,0,126.784,27.8116,-143.28,250,9.45815,83.61419251105978,6454.53162074,15.145239014363739,81.85192065926579,14.826034491756227,6.46396662873246
ASASSN-18da,18,0.0217,0.00086,0.02157,9e-05,0.022,9e-05,34.7709,0.195863,,0,0,52.3194,-23.9786,-38.785,250,7.0,89.98704693492652,6505.4963386,8.116673689509083,88.07580203085692,7.94428275375265,26.06724870544268
2006et,64,0.02183,0.00086,0.0214,0.00015,0.0224,0.00015,34.7583,0.283448,,0,0,10.6909,-23.5584,-126.054,250,10.1464,89.46640776512156,6544.46935814,11.678285313262368,87.55508036084433,11.428794724428101,12.446670884398007
2006et,5,0.02183,0.00086,0.0214,0.00015,0.0224,0.00015,34.7742,0.253646,,0,0,10.6909,-23.5584,-126.054,250,10.1464,90.12390477010585,6544.46935814,10.527220078476942,88.19853084182873,10.302320423629117,15.543326300884463
1999dg,57,0.02197,0.00086,0.02263,0.00014,0.02206,0.00014,34.8589,0.246447,,0,0,227.868,13.4849,194.005,250,7.0,93.70871876141396,6586.44030226,10.635287149579263,91.69419724787808,10.406652983531083,16.46466612101805
2001cp,57,0.02198,0.00085,0.02245,2e-05,0.02246,2e-05,34.9654,0.216973,,0,0,257.761,5.8411,136.814,250,11.1055,98.41923840012423,6589.4382268399995,9.834026589427069,96.30250924687785,9.622523522404615,21.24166778606344
1995ak,61,0.02203,0.00085,0.02193,3e-05,0.02269,3e-05,34.6739,0.247785,,0,0,41.4535,3.2306,-29.0326,250,10.0066,86.05577101331913,6604.42784974,9.819755999241778,84.20082679893852,9.608089781358451,16.287332991484202
2009na,66,0.02205,0.00085,0.02209,1e-05,0.02104,1e-05,34.7477,0.199095,,0,0,161.756,26.5439,10.3045,250,9.88571,89.03074345791536,6610.4236989,8.162929352025433,87.1099686492005,7.986819971650539,25.227794989787792
ASASSN-18iu,18,0.02207,0.00086,0.02202,9e-05,0.0223,9e-05,34.8847,0.186029,,0,0,269.418,50.0386,-15.5141,250,7.0,94.82874434987026,6616.419548059999,8.12393305360573,92.78106621842952,7.948509450043275,28.896064428123463
ATLAS16dpb,150,0.02215,0.00085,0.02238,3e-05,0.02309,3e-05,35.0481,0.288632,,0,0,44.3919,5.9782,68.0666,250,10.8735,102.23980205879421,6640.402944699999,13.5897091846577,100.02426459794964,13.295220060321578,12.00358694680589
SNF20080514-002,57,0.02219,0.00085,0.02292,1e-05,0.02194,1e-05,35.0136,0.216159,,0,0,202.303,11.2724,212.718,250,7.0,100.62826852437786,6652.39464302,10.017030748646096,98.44380058930128,9.799578110376835,21.4019504835921
2006dm,57,0.02228,0.00087,0.02161,0.00015,0.02284,0.00015,34.8059,0.18018,,0,0,355.449,-3.669,-197.622,250,11.0056,91.44921882291312,6679.37596424,7.588086394882244,89.45613611037399,7.422708450602813,30.802561605092404
2006dm,56,0.02228,0.00087,0.02161,0.00015,0.02284,0.00015,34.8234,0.25811,,0,0,355.449,-3.669,-197.622,250,11.0056,92.1891901782981,6679.37596424,10.957980296061578,90.17998021901838,10.719157467681631,15.010333391197667
2008ia,5,0.02231,0.00086,0.02257,0.0001,0.02194,0.0001,34.9245,0.169837,,0,0,132.647,-61.2779,76.4961,250,10.7732,96.58284631620617,6688.36973798,7.55401763242283,94.4751066860406,7.3891653533887265,34.66852624971229
2004bg,57,0.02234,0.00085,0.02214,3e-05,0.02103,3e-05,34.7727,0.199004,,0,0,170.256,21.3398,-56.8675,250,8.84045,90.06167087951103,6697.363511719999,8.253677400257116,88.09365854755856,8.073319443880818,25.25087245794382
2004bg,63,0.02234,0.00085,0.02214,3e-05,0.02103,3e-05,34.8704,0.204479,,0,0,170.256,21.3398,-56.8675,250,8.84045,94.20631149795258,6697.363511719999,8.871037128710805,92.14773118331728,8.677188732428355,23.916772630790803
2002cu,57,0.02236,0.00085,0.02217,4e-05,0.02252,4e-05,34.7814,0.224663,,0,0,272.71,31.109,-55.5213,250,7.0,90.42322659182162,6703.35936088,9.355289648982442,88.44558334815683,9.150680434467743,19.812391092062565
2006cp,64,0.02239,0.00085,0.02334,0.0,0.02229,0.0,34.7714,0.302654,,0,0,184.812,22.4273,277.725,250,8.32354,90.00776960390398,6712.35313462,12.545041503782453,88.03662947006914,12.270309279025083,10.917096866881154
2006cp,57,0.02239,0.00085,0.02334,0.0,0.02229,0.0,34.8603,0.24312,,0,0,184.812,22.4273,277.725,250,8.32354,93.76915448518922,6712.35313462,10.498478699767476,91.71564127699726,10.268565517823411,16.91837417726623
2000fa,57,0.0224,0.00085,0.02181,2e-05,0.02128,2e-05,34.759,0.288719,,0,0,108.874,23.4284,-173.537,250,8.26184,89.4952529765287,6715.351059199999,11.899290007505353,87.53448061084576,11.63858568809209,11.99635392977171
2000fa,62,0.0224,0.00085,0.02181,2e-05,0.02128,2e-05,34.7997,0.25527,,0,0,108.874,23.4284,-173.537,250,8.26184,91.18848491054078,6715.351059199999,10.719769885678325,89.19061513159309,10.484907947650944,15.346185490519542
ASASSN-16bn,18,0.02241,0.00086,0.02253,8e-05,0.02317,8e-05,35.0392,0.214526,,0,0,47.6437,4.2697,35.5736,250,7.0,101.8216194236259,6718.34898378,10.05925041126304,99.589811742477,9.838763716378987,21.729019508209326
ASASSN-17aj,150,0.02255,0.00086,0.02253,0.00011,0.02127,0.00011,34.7306,0.243141,,0,0,173.294,-10.2218,-6.6903,250,7.0,88.33239381258215,6760.3199279,9.890628345017536,86.38442502819632,9.672513172967127,16.915451835787277
AT2017cfb,150,0.02266,0.00085,0.02382,1e-05,0.0229,1e-05,34.8438,0.220547,,0,0,208.528,9.4128,339.032,250,8.97146,93.05934683894854,6793.29709828,9.451632761874109,90.99734695690508,9.242204409944762,20.558796641474085
2006bq,64,0.0227,0.00086,0.02226,0.00012,0.02271,0.00012,34.8693,0.2033,,0,0,279.995,39.9824,-131.5,250,11.2189,94.15860161246627,6805.2887966,8.815421105018219,92.06864340712455,8.619752718312524,24.194978622526637
2002ef,57,0.02273,0.00087,0.02224,0.00015,0.02341,0.00015,34.6849,0.358325,,0,0,357.873,-13.3796,-142.234,250,7.0,86.49280864481591,6814.282570339999,14.272590119879949,84.57052070909812,13.955384236191321,7.788355754898088
2010cr,56,0.02295,0.00085,0.02368,1e-05,0.02269,1e-05,35.2685,0.304874,,0,0,202.354,11.7962,212.718,250,10.1282,113.16183988888636,6880.2369111,15.887884470965929,110.62304109573914,15.531437969564426,10.758685748796106
ASASSN-15il,150,0.02295,0.00087,0.02374,0.00015,0.02331,0.00015,34.8584,0.20127,,0,0,239.284,-12.6733,232.326,250,9.87434,93.68714401550353,6880.2369111,8.683698394400073,91.58526224693634,8.488878629845127,24.68549878441322
2000cn,57,0.02298,0.00085,0.0226,3e-05,0.02289,3e-05,34.9992,0.267367,,0,0,269.418,27.8328,-112.159,250,10.7339,99.96316542410841,6889.230684839999,12.30817003836653,97.71761463968838,12.031681986320876,13.988926678349882
2000cn,62,0.02298,0.00085,0.0226,3e-05,0.02289,3e-05,34.9712,0.237284,,0,0,269.418,27.8328,-112.159,250,10.7339,98.68246744444473,6889.230684839999,10.783360867248586,96.4656859806103,10.54112579644625,17.760823167788132
2017hoq,18,0.02303,0.00086,0.0235,9e-05,0.02341,9e-05,34.985,0.19074,,0,0,79.8345,-17.6116,137.154,250,7.0,99.31160484209335,6904.220307739999,8.723433659376205,97.07594581008703,8.527055569608128,27.486310195830175
2009jb,56,0.02307,0.00086,0.02324,6e-05,0.02338,6e-05,34.7666,0.340338,,0,0,260.925,30.4973,51.6176,250,7.79338,89.80902881466416,6916.21200606,14.075898507747679,87.78385527350441,13.758490140212967,8.63334537708151
2014ai,51,0.02313,0.00085,0.02317,4e-05,0.02233,4e-05,35.0225,0.271221,,0,0,139.934,33.7637,10.2019,250,11.5,101.04155005282138,6934.19955354,12.62028019641346,98.7572938461597,12.334972287405764,13.594191209741451
ASASSN-14fa,56,0.02316,0.00087,0.02262,0.00015,0.02315,0.00015,34.883,0.27497,,0,0,43.0961,-31.8217,-159.488,250,9.74865,94.75453397646622,6943.19332728,11.998611676264925,92.60969347557197,11.727014031300016,13.22602601687081
2004at,57,0.02321,0.00085,0.02287,1e-05,0.02237,1e-05,34.9168,0.178524,,0,0,164.688,59.4867,-99.4465,250,7.0,96.24097187244479,6958.18295018,7.912291764454807,94.057888285342,7.7328131707614345,31.37666507107038
PS15cku,150,0.02325,0.00086,0.02222,7e-05,0.02327,7e-05,35.0537,0.229702,,0,0,21.0939,3.5876,-301.9,250,9.13095,102.5038080798465,6970.174648499999,10.843025046218347,100.17474525272074,10.59665286705922,18.952672007669687
2007ci,57,0.02331,0.00085,0.02295,1e-05,0.02184,1e-05,34.6478,0.266962,,0,0,176.441,19.7705,-103.556,250,10.8379,85.02761550652444,6988.1621959799995,10.453341332533663,83.09076966561886,10.215224450590402,14.031403231536817
2007ci,64,0.02331,0.00085,0.02295,1e-05,0.02184,1e-05,34.4301,0.279423,,0,0,176.441,19.7705,-103.556,250,10.8379,76.91658608679211,6988.1621959799995,9.897552987522214,75.16450155553265,9.672096419972652,12.807834225708806
2009al,51,0.02342,0.00087,0.02328,0.00014,0.02207,0.00014,34.9851,0.282579,,0,0,162.842,8.5785,-42.2047,250,10.7706,99.31617841582052,7021.139366359999,12.924256489547634,97.04342148465001,12.628497087752471,12.5233417493347
2009al,5,0.02342,0.00087,0.02328,0.00014,0.02207,0.00014,35.0081,0.221692,,0,0,162.842,8.5785,-42.2047,250,10.7706,100.37371536599169,7021.139366359999,10.247447588742121,98.07675770064263,10.012944430187138,20.34697995306052
2009al,65,0.02342,0.00087,0.02328,0.00014,0.02207,0.00014,34.9783,0.225403,,0,0,162.842,8.5785,-42.2047,250,10.7706,99.00565469992766,7021.139366359999,10.276976805475133,96.7400038106815,10.041797898687863,19.68251613001599
2009cz,56,0.02343,0.00085,0.02315,1e-05,0.02227,1e-05,34.8582,0.260273,,0,1,138.75,29.7353,-82.8904,250,10.5159,93.67851550801824,7024.13729094,11.228320544146369,91.53387677517586,10.971263832549727,14.761883178632694
2009cz,5,0.02343,0.00085,0.02315,1e-05,0.02227,1e-05,34.8582,0.170636,,0,1,138.75,29.7353,-82.8904,250,10.5159,93.67851550801824,7024.13729094,7.361331003872704,91.53387677517586,7.192803615169287,34.344616878410505
ASASSN-15nr,150,0.02344,0.00087,0.02309,0.00018,0.0232,0.00018,34.8331,0.263771,,0,1,261.674,13.9098,-101.959,250,9.88465,92.601921834029,7027.135215519999,11.248451243055397,90.48104611313707,10.990826275165519,14.372949787259202
2004bk,57,0.02352,0.00085,0.02405,1e-05,0.02306,1e-05,34.8391,0.21588,,0,1,204.37,4.1031,155.85,250,7.0,92.85814422107974,7051.118612159999,9.231623706843418,90.72430848550077,9.019485410000213,21.457305335292027
2018enc,18,0.02354,0.00086,0.0245,9e-05,0.02389,9e-05,34.9998,0.217718,,0,0,229.869,-9.8806,280.999,250,7.0,99.9907900837669,7057.1144613199995,10.02536101313267,97.69114063325996,9.794791618434719,21.096544581005652
2007qe,57,0.02357,0.00085,0.0228,5e-05,0.02396,5e-05,35.0406,0.206572,,0,1,358.554,27.4093,-227.141,250,8.34246,101.88728741425832,7066.10823506,9.692529660290203,99.5411036023509,9.469337378284047,23.43457552022914
2007qe,64,0.02357,0.00085,0.0228,5e-05,0.02396,5e-05,34.9509,0.259128,,0,1,358.554,27.4093,-227.141,250,8.34246,97.76423358373565,7066.10823506,11.66648501222717,95.51299235395297,11.397837971244925,14.892627051701112
ATLAS17bas,150,0.02357,0.00085,0.02331,1e-05,0.02222,1e-05,34.5715,0.261746,,0,1,166.898,22.8514,-76.1109,250,8.18544,82.09184188699035,7066.10823506,9.895226461265008,80.20149270395805,9.667366629800606,14.596202938898186
ASASSN-15tz,150,0.02365,0.00085,0.0222,3e-05,0.02286,3e-05,34.9543,0.274039,,0,1,40.287,43.6802,-424.049,250,10.1999,97.91742860306827,7090.0916317,12.357142600275488,95.65518351298616,12.071648122185794,13.31604493092376
2010ao,51,0.02369,0.00085,0.02422,1e-05,0.02324,1e-05,34.943,0.2098,,0,1,205.921,3.9,155.85,250,8.813,97.40920524918572,7102.083330019999,9.411333605584153,95.15498368567215,9.193538674387904,22.718990622509434
2006sr,64,0.02388,0.00085,0.02307,1e-05,0.02425,1e-05,34.9949,0.180801,,0,1,0.8959,23.1962,-237.713,250,10.7951,99.76541190945936,7159.043897039999,8.306661489040255,97.43857865126711,8.112924843771005,30.591328918696888
ASASSN-15jt,150,0.0239,0.00085,0.02396,1e-05,0.02306,1e-05,34.889,0.403697,,0,0,197.038,27.8264,17.4705,250,9.91542,95.01671247555662,7165.0397462,17.664494196723325,92.798820661741,17.252167395959884,6.1360509336651035
ASASSN-16em,150,0.0239,0.00086,0.02296,9e-05,0.02302,9e-05,34.994,0.277383,,0,0,203.057,84.6783,-275.079,250,8.53565,99.72407117415493,7165.0397462,12.738712181317954,97.39629961339479,12.441363591481545,12.996916183265316
2000ca,50,0.02391,0.00088,0.02454,0.0002,0.02361,0.0002,34.8993,0.190331,,0,1,203.846,-34.1603,185.438,250,7.0,95.46847823992331,7168.03767078,8.367875572469616,93.23913062664033,8.172471772391729,27.60456712363464
1998eg,62,0.02401,0.00085,0.02358,1e-05,0.02483,1e-05,35.1018,0.195014,,0,0,339.876,8.6059,-126.493,250,10.7671,104.79969048356136,7198.01691658,9.411773665829859,102.34244829988121,9.191095463745333,26.294712050452098
PS1-14xw,56,0.02411,0.00085,0.02436,3e-05,0.02427,3e-05,35.1049,0.31033,,0,1,253.24,2.3935,74.4935,250,9.22547,104.94940965502055,7227.996162379999,14.998555890239446,102.47864941756309,14.64545399443365,10.3837082466899
2010gp,56,0.02411,0.00085,0.02436,3e-05,0.02427,3e-05,34.4711,0.398476,,0,0,253.239,2.3879,74.4935,250,9.22547,78.38266042535649,7227.996162379999,14.383608494759688,76.53734503652585,14.04498393215542,6.297898566148677
2000bh,50,0.02412,0.00087,0.02421,0.00015,0.02304,0.00015,34.8782,0.224067,,0,1,185.313,-21.9988,25.4885,250,9.5093,94.54531213984694,7230.99408696,9.75581562187952,92.31858780206123,9.526047359566771,19.917929966568398
2007F,51,0.02417,0.00085,0.0242,1e-05,0.02362,1e-05,34.9421,0.208286,,0,1,195.813,50.6188,9.672,250,9.63941,97.36884087747299,7245.98370986,9.33954596988099,95.0709754020065,9.119136442076014,23.050472945044504
2007F,64,0.02417,0.00085,0.0242,1e-05,0.02362,1e-05,35.084,0.183555,,0,1,195.813,50.6188,9.672,250,9.63941,103.94413751488028,7245.98370986,8.78641887317104,101.49109768386135,8.579062922338128,29.68025048404018
1993H,50,0.02428,0.00086,0.0245,4e-05,0.0236,4e-05,35.1803,0.232251,,0,0,208.209,-30.7079,64.0545,250,10.4495,108.65757292324916,7278.96088024,11.621529179189228,106.08190428715699,11.34604715428323,18.538936410121853
AT2016bln,150,0.02429,0.00085,0.02425,3e-05,0.0233,3e-05,35.0771,0.195416,,0,0,203.689,13.8539,-12.0915,250,10.4738,103.61437221235714,7281.958804819999,9.324505377786785,101.15726231082715,9.103384176148147,26.18663899891695
2006ac,57,0.02432,0.00085,0.02395,1e-05,0.02309,1e-05,34.9871,0.184147,,0,1,190.437,35.0686,-107.473,250,11.1921,99.40769413466224,7290.95257856,8.430053530311081,97.04749895995612,8.229902306223721,29.48972373173346
2006ac,64,0.02432,0.00085,0.02395,1e-05,0.02309,1e-05,34.953,0.198064,,0,1,190.437,35.0686,-107.473,250,11.1921,97.85882571180136,7290.95257856,8.925883824653356,95.53540467022158,8.713960309916196,25.49111949433502
ASASSN-15sf,150,0.02432,0.00131,0.02349,0.001,0.02468,0.001,35.2317,0.235205,,0,1,2.865,-6.4273,-241.913,250,8.21725,111.26024194072798,7290.95257856,12.051253836330625,108.61863669627459,11.765125972675166,18.07619012095891
2005bg,5,0.02434,0.00085,0.02414,1e-05,0.02303,1e-05,35.0102,0.201948,,0,1,184.322,16.3716,-59.0594,250,9.73321,100.47083230733368,7296.94842772,9.343836722899656,98.0834803945308,9.121811823124798,24.520023780939265
2009D,5,0.02453,0.00086,0.02476,0.00012,0.0251,0.00012,35.008,0.162015,,0,1,58.5951,-19.1817,65.3409,250,10.1971,100.36909309200986,7353.90899474,7.488604757784844,97.96598742058296,7.309307446131245,38.09689226230013
2009D,51,0.02453,0.00086,0.02476,0.00012,0.0251,0.00012,35.0746,0.209952,,0,1,58.5951,-19.1817,65.3409,250,10.1971,103.49515040067921,7353.90899474,10.006580660061896,101.01719852096006,9.766996242239756,22.68610656779177
2009D,65,0.02453,0.00086,0.02476,0.00012,0.0251,0.00012,34.9493,0.170871,,0,1,58.5951,-19.1817,65.3409,250,10.1971,97.6922247666214,7353.90899474,7.687303815117793,95.3532105127438,7.50324911434296,34.25021308926768
PS16ccn,150,0.02457,0.00087,0.02395,0.00016,0.02431,0.00016,35.1784,0.189112,,0,1,273.122,31.2799,-183.015,250,7.58621,108.56254104800973,7365.90069306,9.454635100450028,105.95912533844417,9.227905463218745,27.961587511015367
2008bf,57,0.02462,0.00131,0.02451,0.00099,0.02342,0.00099,35.1061,0.235556,,0,0,181.012,20.2452,-30.0449,250,10.3728,105.00742287027342,7380.8903159599995,11.390947632229134,102.48426037972459,11.1172411549932,18.022359901318914
2008bf,5,0.02462,0.00131,0.02451,0.00099,0.02342,0.00099,35.0521,0.231261,,0,0,181.012,20.2452,-30.0449,250,10.3728,102.42830830146171,7380.8903159599995,10.908576550314661,99.96711785975455,10.646460688171869,18.69800198269017
2008bf,64,0.02462,0.00131,0.02451,0.00099,0.02342,0.00099,34.8898,0.233972,,0,0,181.012,20.2452,-30.0449,250,10.3728,95.05172437510778,7380.8903159599995,10.24164155069648,92.76778159230521,9.995551083032225,18.267210154145065
1994M,61,0.02464,0.00085,0.02426,1e-05,0.02308,1e-05,34.9528,0.213795,,0,0,187.786,0.6054,-110.13,250,10.974,97.8498129959266,7386.8861651199995,9.633924280034694,95.49677252100894,9.402252771739045,21.877863663652462
2004br,57,0.02464,0.00085,0.02426,1e-05,0.02308,1e-05,34.807,0.18246,,0,0,187.783,0.6132,-110.13,250,7.0,91.49555587213825,7386.8861651199995,7.687999650039002,89.29531920688072,7.503122706549619,30.0375605276369
ASASSN-16hz,150,0.02466,0.00087,0.02406,0.00015,0.02531,0.00015,34.8112,0.317595,,0,1,348.94,-1.3396,-175.764,250,9.55271,91.67269522039436,7392.88201428,13.407856121463261,89.46645250170239,13.085175688973184,9.91408611351553
2003he,57,0.02491,0.00087,0.02404,0.00015,0.02526,0.00015,35.0862,0.240547,,0,1,359.738,-2.2481,-252.988,250,7.0,104.04950057697928,7467.83012878,11.526186151665785,101.5206218858039,11.246047117957465,17.28224311190726
2001cj,57,0.02494,0.00085,0.02491,2e-05,0.02409,2e-05,35.1973,0.228493,,0,1,200.437,31.2468,-9.2981,250,7.0,109.51156868394142,7476.82390252,11.523345520597308,106.84680926097276,11.242946436471705,19.153767017551523
Gaia16agf,150,0.02509,0.00086,0.02553,2e-05,0.02507,2e-05,35.2152,0.268527,,0,1,98.5373,-25.1846,130.452,250,8.65931,110.4180313984055,7521.79277122,13.654432166570722,107.71545073935508,13.320227654713948,13.868327219827776
2007cq,56,0.0251,0.00086,0.02481,8e-05,0.02604,8e-05,34.8369,0.288042,,0,1,333.668,5.0803,-83.9674,250,9.36898,92.76411379938868,7524.790695799999,12.304996715549311,90.49274587785455,12.003703751389438,12.052811500807929
2007cq,64,0.0251,0.00086,0.02481,8e-05,0.02604,8e-05,34.8482,0.181918,,0,1,333.668,5.0803,-83.9674,250,9.36898,93.24810182613042,7524.790695799999,7.811984215717008,90.96488325639491,7.620704531964694,30.216812832132717
2003it,63,0.0251,0.00085,0.02413,1e-05,0.02528,1e-05,35.079,0.205996,,0,1,1.452,27.4527,-284.915,250,10.4235,103.70507263257612,7524.790695799999,9.837946845835896,101.1658107819492,9.597060624169249,23.56581289665851
2007cq,57,0.0251,0.00086,0.02481,8e-05,0.02604,8e-05,35.009,0.176889,,0,1,333.668,5.0803,-83.9674,250,9.36898,100.415325412088,7524.790695799999,8.179872062374384,97.956614390877,7.979584491634363,31.959380066673628
AT2017cfc,150,0.02512,0.00087,0.02499,0.00016,0.02402,0.00016,35.0276,0.190198,,0,0,208.163,-2.0022,-39.4698,250,10.4655,101.27913885076734,7530.786544959999,8.87098061514376,98.79734943301013,8.653602129647025,27.64318678401319
2011dn,56,0.02513,0.00085,0.02443,2e-05,0.02527,2e-05,34.4583,0.333265,,0,1,299.648,2.6045,-205.825,250,9.15925,77.92198368758496,7533.78446954,11.95901443639713,76.01180697822222,11.665851586039945,9.003691134985225
2007sw,65,0.02517,0.00086,0.025,6e-05,0.02428,6e-05,34.9117,0.306484,,0,1,183.404,46.4934,-50.8392,250,8.41811,96.01520201421147,7545.77616786,13.55169103008732,93.65783432426961,13.218969566108372,10.645949109623245
2012bh,51,0.02517,0.00086,0.025,6e-05,0.02428,6e-05,35.1989,0.238281,,0,1,183.406,46.4835,-50.8392,250,8.41938,109.59228952472617,7545.77616786,12.025831056291738,106.90157683576984,11.730572545325886,17.612506723563655
370356,15,0.02517,0.00086,0.025,6e-05,0.02428,6e-05,35.2277,0.204374,,0,0,183.406,46.4835,-50.8392,250,8.48686,111.05548165019628,7545.77616786,10.452287078256461,108.3288446308381,10.195662259192584,23.941354096378312
2002he,57,0.02519,0.00086,0.02469,8e-05,0.02441,8e-05,35.1139,0.15531,,0,0,124.995,62.8203,-146.356,250,10.9809,105.38529122315407,7551.77201702,7.537461451566054,102.7958634235157,7.352258070763521,41.45731396794208
2002he,63,0.02519,0.00086,0.02469,8e-05,0.02441,8e-05,35.1145,0.174825,,0,0,124.995,62.8203,-146.356,250,10.9809,105.4144142785385,7551.77201702,8.486902663594496,102.82427089470097,8.278370510436597,32.71846543689815
2018jjd,18,0.02521,0.00086,0.02547,9e-05,0.0256,9e-05,34.9842,0.185284,,0,0,66.0835,-31.9874,74.5409,250,7.0,99.27502383363864,7557.767866179999,8.470783895471907,96.83384266017562,8.262486608082156,29.128905338379955
2002bf,63,0.02525,0.00085,0.02494,1e-05,0.02438,1e-05,34.9441,0.240723,,0,0,153.926,55.6685,-91.716,250,10.3104,97.45856220593951,7569.7595645,10.8039675600238,95.05833914258913,10.537885940037844,17.256981189642815
2002bf,50,0.02525,0.00085,0.02494,1e-05,0.02438,1e-05,34.9063,0.269066,,0,1,153.926,55.6685,-91.716,250,10.3104,95.77672882701498,7569.7595645,11.867643910939895,93.4179261906998,11.575365921423941,13.812820085622851
ASASSN-16bq,150,0.02534,0.00086,0.02582,1e-05,0.02493,1e-05,35.1882,0.176701,,0,0,212.86,1.286,141.164,250,10.6831,109.0535982994187,7596.74088572,8.874107627919782,106.3584745542149,8.654795119589387,32.02742223660123
PS15ahs,150,0.02534,0.00086,0.02522,4e-05,0.02551,4e-05,35.1974,0.185937,,0,1,269.874,43.3901,-36.7715,250,9.35319,109.51661199417842,7596.74088572,9.37759567891442,106.81004544266139,9.145840091008271,28.9246665418856
PSNJ0153424,150,0.02556,0.00085,0.02474,1e-05,0.02565,1e-05,35.1828,0.233724,,0,1,28.4267,29.9363,-237.62,250,10.2733,108.78274161614202,7662.695226479999,11.708708519651493,106.07155272840401,11.416892741186759,18.305996685335817
SN2017hn,150,0.02557,0.00085,0.02492,1e-05,0.02385,1e-05,35.0621,0.190177,,0,1,196.914,6.3376,-189.322,250,10.8634,102.9010958911519,7665.693151059999,9.012051743107845,100.33551672840653,8.787358974139106,27.649292033052262
1992ag,50,0.02585,0.00087,0.02592,0.00015,0.0249,0.00015,34.7664,0.344692,,0,0,201.041,-23.8788,21.8269,250,10.3918,89.80075747834056,7749.6350393,14.254660828787472,87.5379026937082,13.89546310745964,8.416617526761456
SN2017ms,150,0.02591,0.00086,0.02538,1e-05,0.02448,1e-05,35.1181,0.200181,,0,1,156.676,36.6805,-156.121,250,8.61119,105.58932169900739,7767.622586779999,9.733937172951556,102.92259720541507,9.488100489274455,24.954811352836998
PSNJ2352371,150,0.02596,0.00085,0.02525,1e-05,0.02648,1e-05,35.4014,0.200491,,0,0,358.155,14.5525,-208.216,250,10.5389,120.30398130692335,7782.61220968,11.107608556527586,117.25991394101462,10.82655128516471,24.87770055176765
2005M,57,0.02598,0.00086,0.02584,5e-05,0.02484,5e-05,35.2931,0.179545,,0,1,144.385,23.2007,-42.1176,250,8.67964,114.45110762279734,7788.608058839999,9.463221373700483,111.5529616783927,9.223592442055873,31.02082683173963
2005M,5,0.02598,0.00086,0.02584,5e-05,0.02484,5e-05,35.1081,0.198242,,0,1,144.385,23.2007,-42.1176,250,8.67964,105.10418283366513,7788.608058839999,9.595361802433915,102.44272094355168,9.352386793537804,25.445363476814183
2005M,64,0.02598,0.00086,0.02584,5e-05,0.02484,5e-05,34.835,0.348314,,0,1,144.385,23.2007,-42.1176,250,8.67964,92.68298233793494,7788.608058839999,14.866769740467086,90.33605171439497,14.49031144902151,8.242484490961541
SN2017mf,150,0.02598,0.00086,0.02618,1e-05,0.02561,1e-05,35.3111,0.17873,,0,1,214.129,39.5864,59.0114,250,10.508,115.40377091819087,7788.608058839999,9.498677434636692,112.48150150898739,9.258150679971045,31.304378738480434
2005mc,5,0.02626,0.00086,0.02597,1e-05,0.02515,1e-05,35.2855,0.288909,,0,0,126.776,21.646,-83.8418,250,10.5777,114.05123700072419,7872.54994708,15.174233246639604,111.13288737817336,14.785954092178985,11.980580397224012
2005mc,64,0.02626,0.00086,0.02597,1e-05,0.02515,1e-05,35.3429,0.323231,,0,0,126.776,21.646,-83.8418,250,10.5777,117.10623001007457,7872.54994708,17.431657739007985,114.10970905041079,16.985615476592663,9.571367427910413
ASASSN-15uu,150,0.02632,0.00086,0.02579,1e-05,0.02678,1e-05,35.0223,0.372346,,0,0,25.9859,17.0626,-153.683,250,9.70579,101.03224421070088,7890.53749456,17.324167619176908,98.4412699847035,16.87988894221774,7.2128452496781765
2005ms,64,0.02669,0.00086,0.02595,1e-05,0.02522,1e-05,35.308,0.179587,,0,1,132.31,36.13,-217.485,250,8.49436,115.23913771994866,8001.460704019999,9.53060740491875,112.24336237807775,9.282848186812718,31.006318850924547
1999gp,62,0.02691,0.00086,0.02603,3e-05,0.02675,3e-05,35.2688,0.183373,,0,1,37.9131,39.3812,-258.629,250,10.9727,113.17747485482387,8067.415044779999,9.557428869739562,110.21167858412507,9.306978089355018,29.739195762439486
1999gp,57,0.02691,0.00086,0.02603,3e-05,0.02675,3e-05,35.2892,0.205883,,0,1,37.9131,39.3812,-258.629,250,10.9727,114.24573604021946,8067.415044779999,10.83193816789427,111.2519461688166,10.54808909046973,23.591688443847772
ASASSN-15mf,150,0.02695,0.00086,0.02691,1e-05,0.02604,1e-05,35.1184,0.181369,,0,0,213.595,2.9755,-14.0106,250,10.9913,105.60391041062418,8079.4067431,8.820409388269082,102.83257257960385,8.58893752204984,30.40002096098469
ASASSN-17at,150,0.02713,0.00086,0.02643,1e-05,0.02537,1e-05,35.2513,0.18676,,0,1,174.64,25.3971,-204.188,250,10.1022,112.26903765838696,8133.36938554,9.655828635534574,109.30363017182533,9.400785329544043,28.670302122139063
SNF20071021-000,57,0.02714,0.00087,0.0264,0.00015,0.0276,0.00015,35.3224,0.216057,,0,0,3.7493,16.335,-215.716,250,7.0,116.00587922362935,8136.36731012,11.542344327093334,112.94066945463068,11.237362313894245,21.42216287424506
2013fn,56,0.0273,0.00086,0.02724,5e-05,0.02823,5e-05,35.2892,0.298907,,0,1,315.099,-14.4978,-18.0539,250,7.2614,114.24573604021946,8184.3341034,15.726126693077003,111.2097109317818,15.308212492044195,11.192518695883255
2002eb,57,0.02731,0.00091,0.02633,0.0003,0.02751,0.0003,35.2673,0.172357,,0,1,334.772,24.5944,-284.347,250,7.0,113.09932162116323,8187.33202798,8.977069978522733,110.09269025042416,8.738423629209034,33.662172987071344
2007co,57,0.02731,0.00086,0.02655,0.00011,0.02696,0.00011,35.3437,0.230789,,0,1,275.765,29.8971,-221.823,250,9.81719,117.14938148790526,8187.33202798,12.450901280498048,114.03508336130794,12.119906630421244,18.774560931889116
2007co,56,0.02731,0.00086,0.02655,0.00011,0.02696,0.00011,35.1118,0.346591,,0,1,275.765,29.8971,-221.823,250,9.81719,105.28342387607448,8187.33202798,16.804398252870968,102.48457026221344,16.357670277589985,8.324639545902036
2007co,64,0.02731,0.00086,0.02655,0.00011,0.02696,0.00011,35.227,0.261645,,0,1,275.765,29.8971,-221.823,250,9.81719,111.01968736234767,8187.33202798,13.376981430951016,108.06834097044482,13.021367874303781,14.607473943769538
1992P,50,0.02736,0.00086,0.02643,1e-05,0.02531,1e-05,35.313,0.220137,,0,1,190.704,10.3601,-272.653,250,10.1744,115.50479136828523,8202.32165088,11.709510167391247,112.4287410141384,11.397669918423189,20.63544850944458
2007su,65,0.0274,0.00086,0.0266,1e-05,0.02783,1e-05,35.3042,0.352852,,0,0,334.787,13.1779,-231.919,250,8.47416,115.03764965018092,8214.3133492,18.69296822583539,111.96968040702833,18.194440554638298,8.031836019490312
ASASSN-15fa,150,0.02741,0.00086,0.02721,1e-05,0.02734,1e-05,35.5236,0.225337,,0,0,257.442,62.9743,-57.8254,250,10.6915,127.26822878586822,8217.31127378,13.206817984074627,123.87287332794914,12.854476775653954,19.694047625566185
2005na,5,0.02748,0.00086,0.02717,8e-05,0.02665,8e-05,35.113,0.172724,,0,1,105.403,14.1333,-88.8817,250,8.83614,105.34162172541882,8238.29674584,8.379119251602447,102.5242551927228,8.155019320670425,33.519275732265704
2005na,64,0.02748,0.00086,0.02717,8e-05,0.02665,8e-05,35.1538,0.186856,,0,1,105.403,14.1333,-88.8817,250,8.83614,107.33960678208796,8238.29674584,9.236612667504238,104.46880404687971,8.989579035605791,28.640850116595026
2005na,57,0.02748,0.00086,0.02717,8e-05,0.02665,8e-05,35.1117,0.170295,,0,1,105.403,14.1333,-88.8817,250,8.83614,105.27857550686589,8238.29674584,8.256340231343607,102.46289514819354,8.035524030972484,34.4822984306362
ASASSN-16av,150,0.02773,0.00086,0.02676,7e-05,0.02567,7e-05,35.3467,0.289875,,0,0,177.868,22.0261,-284.498,250,10.9106,117.31134119162478,8313.24486034,15.660169053447794,114.14607065243281,15.23762958505424,11.900863575008263
2006gj,5,0.02803,0.00086,0.0277,0.0001,0.0283,0.0001,35.7258,0.321699,,0,0,49.3992,-1.6917,-95.7491,250,10.9096,139.68828969467302,8403.182597739999,20.694521795235428,135.87958492911005,20.13027031821584,9.66274632483422
2010ii,51,0.02805,0.00086,0.02704,5e-05,0.02814,5e-05,35.1306,0.184771,,0,1,339.555,35.4917,-294.382,250,7.97988,106.19889550548666,8409.1784469,9.036484200973842,103.30129420309,8.789926755482556,29.290877428828093
2006ev,5,0.0281,0.00086,0.02759,1e-05,0.02873,1e-05,35.6739,0.216353,,0,0,322.747,13.9892,-149.123,250,11.3017,136.3892056510019,8424.1680698,13.589034648054675,132.66141975586217,13.217619539008535,21.363586172580522
PSNJ0252467,150,0.02816,0.00086,0.02748,3e-05,0.02809,3e-05,35.3613,0.190628,,0,1,43.1946,46.9464,-197.78,250,7.0,118.10274722744667,8442.15561728,10.367937626013447,114.86806258505162,10.083972947803305,27.518617843084403
2009aa,5,0.02819,0.00088,0.02827,0.00018,0.02705,0.00018,35.3174,0.173415,,0,1,170.926,-22.2707,25.3172,250,9.29935,115.7390731052062,8451.149391019999,9.242987050897206,112.56584201869909,8.98957104318969,33.25268202894521
2011hb,56,0.0282,0.00089,0.02775,0.00022,0.02901,0.00022,35.2874,0.292934,,0,1,351.981,8.7794,-131.722,250,11.031,114.15107348963578,8454.1473156,15.39910450396289,111.0203010013964,14.976759875474508,11.653608827265119
2005eq,57,0.02823,0.00086,0.02831,1e-05,0.02893,1e-05,35.5061,0.163093,,0,1,47.2055,-7.0332,23.0788,250,10.3697,126.24668988776114,8463.14108934,9.482023028996934,122.7805937268521,9.221694590701434,37.59493663865341
2005eq,5,0.02823,0.00086,0.02831,1e-05,0.02893,1e-05,35.5563,0.160218,,0,1,47.2055,-7.0332,23.0788,250,10.3697,129.1992522036892,8463.14108934,9.53272337187192,125.65209360132384,9.271002958357489,38.95627184056793
2005eq,64,0.02823,0.00086,0.02831,1e-05,0.02893,1e-05,35.558,0.160985,,0,1,47.2055,-7.0332,23.0788,250,10.3697,129.30043917962797,8463.14108934,9.58586031768623,125.75050249421625,9.322681032148672,38.58594812883855
2003U,63,0.02833,0.00086,0.02794,0.0,0.0281,0.0,35.2665,0.177545,,0,0,260.69,62.164,-113.641,250,10.2925,113.05766196570782,8493.12033514,9.243876415714274,109.94297741552597,8.989212038659064,31.723646911333667
2009ad,65,0.02844,0.00086,0.02834,0.0,0.0284,0.0,35.372,0.160301,,0,1,75.8891,6.6599,-30.4927,250,10.4871,118.68613846449192,8526.09750552,8.761569614524758,115.40404735764062,8.519281255615065,38.91594104435287
2009ad,5,0.02844,0.00086,0.02834,0.0,0.0284,0.0,35.3421,0.156527,,0,1,75.8891,6.6599,-30.4927,250,10.4871,117.06309442690785,8526.09750552,8.438299699807171,113.82588622273332,8.204950896315946,40.81515750287105
2002el,57,0.02849,0.00087,0.02778,0.00015,0.02873,0.00015,35.1049,0.181734,,0,0,314.125,-18.5595,-207.475,250,7.0,104.94940965502055,8541.08712842,8.78338399818508,102.04222661865508,8.540077198791511,30.278030966003296
2008ar,57,0.02849,0.00086,0.02732,1e-05,0.02617,1e-05,35.4368,0.180322,,0,1,186.158,10.8382,-342.801,250,9.98914,122.28128672123168,8541.08712842,10.154403108008193,118.89399675371826,9.8731179768478,30.75406789336499
2008ar,5,0.02849,0.00086,0.02732,1e-05,0.02617,1e-05,35.2913,0.178243,,0,1,186.158,10.8382,-342.801,250,9.98914,114.35627490395619,8541.08712842,9.386813029895531,111.18851413621542,9.126790761111467,31.475673646544987
2008ar,65,0.02849,0.00086,0.02732,1e-05,0.02617,1e-05,35.359,0.180243,,0,1,186.158,10.8382,-342.801,250,9.98914,117.97772030511946,8541.08712842,9.792737014647491,114.70964258779324,9.521470325085797,30.78103264429262
AT2017ns,150,0.02849,0.00094,0.02802,0.0004,0.02877,0.0004,35.1963,0.366604,,0,0,42.2932,14.6008,-138.084,250,9.90071,109.46114835343035,8541.08712842,18.480039007219315,106.42898652726848,17.968127067078257,7.440559630151976
2004gs,5,0.02857,0.00086,0.02829,1e-05,0.0274,1e-05,35.5996,0.235009,,0,0,129.597,17.6277,-79.7506,250,10.7301,131.80139290554814,8565.07052506,14.264290630448391,128.1404210754233,13.86807959637982,18.1063541630652
SN2017ckx,150,0.02858,0.00086,0.02779,0.0,0.02716,0.0,35.6596,0.251383,,0,0,117.045,28.2307,-229.768,250,10.2137,135.49398002267418,8568.068449639999,15.685616372914305,131.72916061237257,15.249777725518973,15.824434184641978
2007is,65,0.02866,0.00086,0.02953,1e-05,0.02953,1e-05,35.3449,0.211378,,0,1,251.811,40.2436,253.015,250,10.7887,117.21413851995896,8592.05184628,11.40999538538524,113.94837800629846,11.092095916420627,22.381048645594095
2013bs,51,0.02866,0.00087,0.02859,0.00012,0.02871,0.00012,35.4105,0.201911,,0,0,259.342,41.0667,-21.3549,250,10.8022,120.80919765409492,8592.05184628,11.233256200096019,117.44327343737963,10.92028094812282,24.529011146713405
1998ab,62,0.02873,0.00086,0.02806,1e-05,0.02731,1e-05,34.9487,0.227749,,0,1,192.197,41.9245,-194.196,250,10.3527,97.66523513629453,8613.037318339999,10.243353560274373,94.93767571305837,9.957280880575443,19.279112717794852
1993ah,50,0.02888,0.00088,0.02828,0.00021,0.0293,0.00021,35.2763,0.655117,,0,0,357.959,-27.9618,-175.058,250,10.5245,113.56905184475494,8658.006187039999,34.26293431651508,110.38124158770209,33.30119578232163,2.330034016177391
2006qo,64,0.02898,0.00086,0.02871,8e-05,0.02837,8e-05,35.4779,0.275376,,0,0,120.035,56.3688,-77.261,250,11.1792,124.61777705579165,8687.98543284,15.803445083679629,121.10806532273868,15.35835981620598,13.187055241559321
ASASSN-15la,150,0.02902,0.00086,0.02845,1e-05,0.02782,1e-05,35.0558,0.218663,,0,1,213.213,35.7112,-166.734,250,10.5989,102.60298599988585,8699.97713116,10.331918853480166,99.70941867008011,10.040542315484798,20.914591939461733
1996C,61,0.02913,0.00086,0.02875,2e-05,0.02823,2e-05,35.5152,0.250819,,0,1,207.702,49.3186,-112.455,250,9.36646,126.77686262863567,8732.95430154,14.64354129865986,123.18838497433333,14.229049098422802,15.895680903475334
PS16cvc,150,0.02915,0.00086,0.02844,9e-05,0.02954,9e-05,35.6948,0.183345,,0,1,318.097,14.7793,-206.273,250,7.95752,137.70826290555064,8738.950150699999,11.627189621093427,133.8077665117336,11.297857087007168,29.748279850525986
ASASSN-15fs,150,0.02917,0.00086,0.0285,5e-05,0.02902,5e-05,35.2391,0.185823,,0,1,284.67,43.4689,-196.215,250,10.0517,111.6400442615786,8744.94599986,9.553558154322008,108.475805028886,9.282779476978545,28.96016724358038
2003ch,63,0.02919,0.00087,0.02895,0.00012,0.02833,0.00012,35.6024,0.169987,,0,0,109.491,9.693,-71.2297,250,11.2701,131.9714535207382,8750.94184902,10.330976977334585,128.22846463795625,10.037968671804608,34.60736881389315
ASASSN-16ay,150,0.02938,0.00086,0.02895,1e-05,0.02835,1e-05,35.6222,0.299966,,0,0,108.059,7.2395,-124.578,250,10.3341,133.18030342138223,8807.90241604,18.39745359923682,129.3791441657913,17.872363557905555,11.113630057842483
PSNJ0859349,150,0.02938,0.00086,0.02874,1e-05,0.02812,1e-05,35.472,0.225755,,0,1,134.895,45.9259,-185.72,250,10.2177,124.27964384409158,8807.90241604,12.920611320257635,120.73252233780683,12.551838310689575,19.621185533799657
ASASSN-16fs,150,0.02944,0.00086,0.0299,1e-05,0.0292,1e-05,35.2761,0.180915,,0,0,221.777,11.5949,135.19,250,11.2163,113.5585922302133,8825.88996352,9.461070112286505,110.31103534952335,9.190501741030566,30.552788026729615
LSQ12gdj,56,0.02947,0.00086,0.02886,0.0001,0.02991,0.0001,35.0939,0.272694,,0,1,358.681,-25.6761,-175.715,250,8.87386,104.41911306572835,8834.88373726,13.112976012754872,101.42997179687445,12.737598971077226,13.44772548930789
2000cw,57,0.02949,0.00086,0.02896,1e-05,0.03013,1e-05,35.6079,0.224233,,0,1,356.855,28.3877,-153.644,250,7.0,132.30614024811536,8840.879586419998,13.662343862275776,128.51619758143872,13.270982585819945,19.88845034031402
2002de,57,0.0295,0.00086,0.0305,1e-05,0.03034,1e-05,35.3638,0.283742,,0,1,244.127,35.7084,289.982,250,9.07466,118.23879634118822,8843.877510999999,15.450029392229416,114.85070067138243,15.007313639853729,12.420890947466035
ASASSN-16aj,150,0.02953,0.00086,0.03053,8e-05,0.03075,8e-05,35.4654,0.177866,,0,0,65.4509,-15.7554,289.93,250,10.9323,123.90248023134474,8852.87128474,10.148891808272063,120.34858647280286,9.857791233156938,31.609245040076626
ASASSN-16br,150,0.02956,0.00087,0.029,0.00015,0.02852,0.00015,35.5064,0.190895,,0,0,236.376,-13.1528,-162.175,250,9.6179,126.26413271741175,8861.86505848,11.09992994129721,122.63892606298977,10.781236587762937,27.44169249036838
AT2017zd,150,0.02969,0.00087,0.03048,0.00015,0.02947,0.00015,35.2781,0.194122,,0,0,203.176,-21.8011,230.524,250,9.91749,113.66323173975147,8900.83807802,10.161093355406424,110.38587510780086,9.86810919345281,26.536918202372252
ASASSN-16hh,18,0.02978,0.00086,0.02935,9e-05,0.03026,9e-05,35.5015,0.190369,,0,1,31.1559,21.5861,-126.591,250,7.0,125.97953470904977,8927.81939924,11.044394549028475,122.33635796874069,10.725003931935438,27.593547799514955
ATLAS17ajn,150,0.02978,0.00086,0.02988,3e-05,0.02871,3e-05,35.5116,0.190788,,0,0,176.111,-28.4574,28.509,250,10.6465,126.56685830565384,8927.81939924,11.120306045149537,122.90669687278239,10.798720158819881,27.472481475744196
Gaia16bba,150,0.0299,0.00086,0.02934,9e-05,0.03046,9e-05,35.4354,0.185335,,0,1,15.398,17.1013,-161.216,250,7.97207,122.20247447100185,8963.7944942,10.429971620559773,118.65469897174663,10.127169259694895,29.112876312302294
1997dg,62,0.02996,0.00086,0.02962,5e-05,0.03081,5e-05,35.861,0.192522,,0,0,355.059,26.2033,-99.2102,250,8.80558,148.66200985285977,8981.78204168,13.1803228700788,144.3376537466113,12.796926938986758,26.979833840421843
2004ef,57,0.03012,0.00086,0.02978,2e-05,0.03101,2e-05,35.5195,0.196088,,0,1,340.542,19.9946,-99.5544,250,10.3255,127.028157838881,9029.748834959999,11.470879070418139,123.31394190859416,11.135478459226245,26.00746160981167
2004ef,5,0.03012,0.00086,0.02978,2e-05,0.03101,2e-05,35.4838,0.199296,,0,1,340.542,19.9946,-99.5544,250,10.3255,124.95683024171582,9029.748834959999,11.468437881465302,121.30317850514098,11.133108648958668,25.17693366069245
2004ef,64,0.03012,0.00086,0.02978,2e-05,0.03101,2e-05,35.4761,0.233488,,0,1,340.542,19.9946,-99.5544,250,10.3255,124.51452036514392,9029.748834959999,13.38844841113743,120.8738014650176,12.996979391854765,18.343021273880364
ASASSN-15nq,150,0.03023,0.00086,0.03025,1e-05,0.03036,1e-05,35.5185,0.166012,,0,0,259.33,33.4621,4.0424,250,10.6826,126.96967267809462,9062.726005339999,9.707003049295718,123.24400636566071,9.422170825248458,36.28449112216587
AT2017lm,150,0.03031,0.00086,0.03002,6e-05,0.03064,6e-05,35.5542,0.216273,,0,1,45.3849,-15.016,-83.3033,250,9.52589,129.07436584702688,9086.709401979999,12.855470878882944,125.27721350567002,12.477284389050812,21.379393998724947
ASASSN-16fo,150,0.03036,0.00088,0.02994,0.00021,0.0289,0.00021,35.4803,0.173804,,0,0,203.149,-5.2725,-122.179,250,10.0329,124.75558585489004,9101.69902488,9.98539965274238,121.07960892784081,9.691175562660023,33.10399940110681
ASASSN-16es,18,0.03047,0.00086,0.02973,9e-05,0.0285,9e-05,35.5345,0.258248,,0,0,177.727,2.3069,-214.519,250,7.0,127.90867496387487,9134.676195259999,15.211871607168778,124.12653931106667,14.762071294815742,14.994295531822479
AT2016cyt,150,0.03059,0.00086,0.02965,9e-05,0.03074,9e-05,35.3586,0.164518,,0,0,317.399,15.1255,-274.78,250,10.685,117.95599000740887,9170.65129022,8.936739642186824,114.45481715076693,8.671479096621184,36.94648759452715
2013fy,56,0.03075,0.00087,0.03099,0.00015,0.03167,0.00015,35.3522,0.343157,,0,0,324.363,-47.0319,71.4876,250,10.7658,117.60884908306835,9218.6180835,18.58568391103304,114.10026590644516,18.031223779804066,8.492083878832005
ASASSN-15uw,150,0.03076,0.00087,0.03004,0.00015,0.03081,0.00015,35.6084,0.212671,,0,0,38.893,-6.0629,-208.768,250,10.3471,132.33660837037772,9221.61600808,12.960864119386303,128.38741158987324,12.574085256884535,22.109730741762345
ASASSN-16hr,150,0.03083,0.00086,0.0298,1e-05,0.03086,1e-05,35.4648,0.278746,,0,1,336.382,38.9844,-300.269,250,9.46113,123.86824944024485,9242.60148014,15.90062987084523,120.16360548319787,15.425074814319753,12.870123431164329
PS15cwx,150,0.03086,0.00087,0.03007,0.00011,0.03007,0.00011,35.4164,0.184841,,0,0,78.6992,7.0504,-232.022,250,10.0401,121.13788866689661,9251.59525388,10.311550992290046,117.51148426255418,10.002862650883772,29.268696492995375
1990O,50,0.03091,0.00087,0.03093,0.0001,0.03099,0.0001,35.4926,0.166476,,0,1,258.901,16.322,6.1158,250,10.4738,125.46425149506612,9266.58487678,9.618720753880357,121.7024294022428,9.33032054580939,36.082509559392655
2001ba,50,0.03096,0.00087,0.03136,0.00015,0.03022,0.00015,35.6481,0.206672,,0,0,174.507,-32.3308,117.018,250,10.7576,134.77830801267888,9281.57449968,12.827656640501194,130.73087996884348,12.442438737197557,23.411902970477676
2009eu,51,0.03108,0.00178,0.03072,0.00155,0.03063,0.00155,35.9224,0.399302,,0,0,247.171,39.5535,-103.764,250,11.5,152.92553199871014,9317.549594639999,28.12076750804866,148.31587461565556,27.273118970447165,6.27186972734833
2009fv,51,0.03108,0.00086,0.03072,1e-05,0.03065,1e-05,35.406,0.332119,,0,0,247.434,40.8116,-103.764,250,11.4959,120.55910077295344,9317.549594639999,18.439086683368114,116.92506960949048,17.883274511549164,9.065934077607702
2009fv,65,0.03108,0.00086,0.03072,1e-05,0.03065,1e-05,35.3374,0.375292,,0,0,247.434,40.8116,-103.764,250,11.4959,116.80999356326997,9317.549594639999,20.188078794937358,113.2889723040598,19.579546490027308,7.100049662189127
SNF20080909-030,57,0.0311,0.00086,0.03013,5e-05,0.03134,5e-05,35.565,0.183722,,0,0,330.454,13.0553,-282.084,250,7.0,129.71792709839545,9323.5454438,10.975058627468583,125.80537978701916,10.644029315748796,29.626317377501056
2008gg,51,0.03114,0.00087,0.03107,0.00015,0.03203,0.00015,35.67,0.236835,,0,1,21.346,-18.1724,-18.6955,250,10.9334,136.1444682465951,9335.53714212,14.848807194545623,132.0329618156556,14.400379380632721,17.82823017159205
2008gg,5,0.03114,0.00087,0.03107,0.00015,0.03203,0.00015,35.5409,0.184896,,0,1,21.346,-18.1724,-18.6955,250,10.9334,128.28621743626786,9335.53714212,10.923283369914069,124.4120269180401,10.593404746119896,29.251286285298633
1999cc,62,0.03116,0.00086,0.03132,1e-05,0.03111,1e-05,35.5877,0.169094,,0,1,240.675,37.3596,46.9799,250,11.2896,131.08107669396855,9341.532991279999,10.207370577380553,127.1200169653289,9.898920223224865,34.973863008838265
AT2017wb,150,0.03117,0.00086,0.03093,8e-05,0.03065,8e-05,35.5304,0.283582,,0,0,165.331,70.6649,-70.0187,250,9.28082,127.66739591866917,9344.53091586,16.672638947999936,123.808291473442,16.1686617609123,12.43491090071811
MASTEROTJ08,150,0.03118,0.00087,0.03156,0.00015,0.03059,0.00015,35.6675,0.174531,,0,0,128.237,-3.8579,111.161,250,10.638,135.98781632845171,9347.52884044,10.929952168679993,131.87592498734625,10.599460975464995,32.828787737276556
2007bd,51,0.0312,0.00087,0.03141,0.0001,0.03044,0.0001,35.4957,0.175954,,0,1,127.889,-1.1994,62.7014,250,10.4344,125.64349251853538,9353.524689599999,10.180868513789349,121.84202144931672,9.872836029663839,32.29993970419092
2007bd,5,0.0312,0.00087,0.03141,0.0001,0.03044,0.0001,35.5793,0.14868,,0,1,127.889,-1.1994,62.7014,250,10.4344,130.57498962451356,9353.524689599999,8.940426492316119,126.62431111764312,8.669924837389566,45.23711449745293
2007bd,64,0.0312,0.00087,0.03141,0.0001,0.03044,0.0001,35.4841,0.153803,,0,1,127.889,-1.1994,62.7014,250,10.4344,124.9740948583605,9353.524689599999,8.851777543783017,121.19287709305713,8.583958052543656,42.273712226452794
2006bt,57,0.03121,0.00086,0.03241,1e-05,0.03208,1e-05,35.772,0.224228,,0,0,239.127,20.046,349.34,250,10.8988,142.69212315793638,9356.52261418,14.734504224525443,138.37348663990494,14.288558319377666,19.88933732463729
2006bt,5,0.03121,0.00086,0.03241,1e-05,0.03208,1e-05,35.7428,0.226764,,0,0,239.127,20.046,349.34,250,10.8988,140.7861718211395,9356.52261418,14.702114255258206,136.52521971386963,14.257148646016045,19.446962724993128
2006bt,64,0.03121,0.00086,0.03241,1e-05,0.03208,1e-05,35.7867,0.216659,,0,0,239.127,20.046,349.34,250,10.8988,143.66136878077322,9356.52261418,14.333835586521412,139.31339764041584,13.900016084523436,21.303282738188013
2006bw,64,0.03132,0.00086,0.03075,2e-05,0.02996,2e-05,35.6231,0.320886,,0,0,218.486,3.7988,-166.505,250,11.5,133.23551347855982,9389.49978456,19.68867335855553,129.18930446278537,19.09075103610473,9.711771614471289
ASASSN-15hg,150,0.03143,0.00086,0.03107,1e-05,0.02992,1e-05,35.6461,0.196214,,0,1,148.452,9.1939,-105.007,250,10.2789,134.65422975244482,9422.476954939999,12.167340888541176,130.55101146218823,11.796574550421429,25.97407063863305
ATLAS17axb,150,0.03143,0.00087,0.03264,0.0001,0.03165,0.0001,35.5602,0.185563,,0,1,205.847,-19.9437,351.466,250,9.60754,129.4315046781589,9422.476954939999,11.060558815915899,125.48743460841635,10.723518625515933,29.041378676149414
2010gn,56,0.03147,0.00086,0.03123,6e-05,0.03136,6e-05,35.9119,0.273901,,0,0,259.458,40.8811,-70.0449,250,8.98332,152.18785641919558,9434.468653259999,19.19637840130797,147.54462700727657,18.610699682305807,13.329466401634628
CSS160428,150,0.03148,0.00087,0.03081,0.00015,0.03029,0.00015,35.7017,0.164289,,0,1,200.78,52.6491,-196.002,250,10.078,138.1465361489952,9437.46657784,10.451874119109013,133.93040693856906,10.132890719266504,37.049557700414695
2000dn,57,0.03148,0.00089,0.03081,0.00022,0.03207,0.00022,35.707,0.22057,,0,1,346.274,-3.2003,-192.92,250,7.0,138.48412777219824,9437.46657784,14.066696831537639,134.2576955173132,13.637391739575794,20.55450931618644
2006en,57,0.03162,0.00086,0.03081,1e-05,0.03198,1e-05,35.6474,0.19424,,0,1,347.521,30.2233,-236.154,250,10.183,134.73486762161423,9479.43752196,12.052145158340954,130.60513330646384,11.682737013959553,26.504685858829856
2006en,64,0.03162,0.00086,0.03081,1e-05,0.03198,1e-05,35.6847,0.188076,,0,1,347.521,30.2233,-236.154,250,10.183,137.06923849320054,9479.43752196,11.871868132365583,132.86795379422708,11.507985626844752,28.270483798230742
2008bq,5,0.03166,0.00087,0.03279,0.00014,0.03232,0.00014,35.7279,0.17805,,0,1,100.26,-38.0386,328.616,250,10.9133,139.8234455906861,9491.429220279999,11.464831134081816,135.53248705066213,11.112993751896765,31.54394769824207
ASASSN-16oz,150,0.03192,0.00218,0.03207,0.002,0.031,0.002,35.4592,0.276064,,0,1,135.056,-13.634,42.8736,250,8.01111,123.54921774491585,9569.375259359998,15.707080181198622,119.72751545169767,15.221218874717636,13.121408227589368
2006az,64,0.03201,0.00086,0.03158,1e-05,0.03103,1e-05,35.4896,0.148675,,0,1,183.061,56.1794,-124.251,250,11.1124,125.29103590658913,9596.356580579999,8.578347429964278,121.40486614140282,8.312271615550506,45.24015723329747
010026,15,0.03236,0.00086,0.03174,3e-05,0.03123,3e-05,35.6746,0.20211,,0,1,160.674,58.8438,-178.946,250,9.61222,136.43317942360437,9701.28394088,12.698531085388039,132.15659210314655,12.300487315847223,24.480731792527333
AT2017po,150,0.03255,0.00086,0.03201,1e-05,0.03183,1e-05,35.576,0.196814,,0,1,240.965,39.9901,-156.239,250,8.98827,130.3767047138214,9758.2445079,11.816848627269612,126.26672288394886,11.444335506531996,25.81594482135229
2007ai,5,0.0326,0.00087,0.03212,0.00015,0.03176,0.00015,35.8562,0.258808,,0,0,243.224,-21.6302,-141.191,250,10.7402,148.33375813305705,9773.234130799998,17.67923143147483,143.65074388248794,17.121084090136385,14.92947743395918
2007ai,64,0.0326,0.00087,0.03212,0.00015,0.03176,0.00015,35.8577,0.294619,,0,0,243.224,-21.6302,-141.191,250,10.7402,148.43625886155814,9773.234130799998,20.13939571964244,143.75000858179175,19.503579042845672,11.52069018778977
2007ux,5,0.03264,0.00086,0.03183,1e-05,0.0307,1e-05,35.8808,0.19004,,0,1,152.333,14.9924,-233.209,250,10.0948,150.0237441601356,9785.22582912,13.129576141629855,145.28174790840526,12.714572495380631,27.68917119931016
2007ux,65,0.03264,0.00086,0.03183,1e-05,0.0307,1e-05,35.6656,0.274525,,0,0,152.333,14.9924,-233.209,250,10.0948,135.868881431898,9785.22582912,17.17701063648376,131.57429639748412,16.63407444654842,13.268939061493413
ASASSN-15pr,150,0.03264,0.00087,0.03189,0.00015,0.03309,0.00015,35.9082,0.198168,,0,1,346.664,-12.5728,-217.887,250,9.55707,151.9287623564994,9785.22582912,13.864978825758984,147.12655170872657,13.426730347225542,25.464370667325944
2008gl,65,0.03272,0.00088,0.03246,0.00016,0.03354,0.00016,35.6638,0.156049,,0,0,20.2284,4.8053,-75.1477,250,11.1311,135.75630222056776,9809.20922576,9.755885044810078,131.45509162267385,9.446786200335113,41.06558558222994
2008gl,51,0.03272,0.00088,0.03246,0.00016,0.03354,0.00016,35.6366,0.169859,,0,0,20.2284,4.8053,-75.1477,250,11.1311,134.06641614424987,9809.20922576,10.487071942543892,129.81874675057117,10.154806668355306,34.6595463524462
2008gl,5,0.03272,0.00088,0.03246,0.00016,0.03354,0.00016,35.6431,0.148421,,0,0,20.2284,4.8053,-75.1477,250,11.1311,134.46832650614522,9809.20922576,9.190963422286643,130.2079232571706,8.899763171321018,45.39513304518196
SN2016hpx,150,0.03282,0.00098,0.0337,0.00046,0.03338,0.00046,35.6329,0.204026,,0,1,90.8194,-26.8986,254.849,250,9.09468,133.83817314742197,9839.18847156,12.575092824070929,129.58518730022845,12.175493139241038,24.023095606550193
SN2017cii,150,0.03289,0.00086,0.03337,1e-05,0.03323,1e-05,35.8381,0.178659,,0,1,248.333,23.7313,138.77,250,8.8988,147.10248184335214,9860.17394362,12.10293171972935,142.41834255666348,11.717541770884942,31.329264722717408
2006te,64,0.0329,0.00086,0.03212,1e-05,0.03155,1e-05,35.7248,0.15355,,0,1,122.929,41.5547,-227.18,250,10.4808,139.62397566995787,9863.1718682,9.873144770417818,135.17666344269327,9.558664701730873,42.41313339640874
2006os,5,0.03294,0.00088,0.03212,0.00019,0.03285,0.00019,35.7992,0.326022,,0,0,43.7542,16.0097,-239.41,250,10.8407,144.4907349136604,9875.16356652,21.693648130908322,139.88298924783666,21.001847281457124,9.408192294931656
2004as,57,0.03296,0.00086,0.0325,1e-05,0.03139,1e-05,35.7324,0.22019,,0,1,171.413,22.8304,-136.074,250,8.76504,140.11350588002537,9881.15941568,14.207683562783846,135.64272177047064,13.754340499906913,20.625515750044993
2004as,63,0.03296,0.00086,0.0325,1e-05,0.03139,1e-05,35.8907,0.225741,,0,1,171.413,22.8304,-136.074,250,8.76504,150.7092817212376,9881.15941568,15.667371050140511,145.90040439246204,15.167451837574069,19.623619341708164
ASASSN-16bc,150,0.03298,0.00087,0.03314,0.00015,0.03194,0.00015,35.6164,0.168015,,0,0,181.357,-21.4004,45.2689,250,10.3011,132.8250536500725,9887.15526484,10.277174736928123,128.58434204928702,9.949054906124148,35.42451291398803
2008gp,5,0.03333,0.00088,0.03245,0.0002,0.03303,0.0002,35.6643,0.150947,,0,0,50.753,1.3619,-257.669,250,10.4696,135.7875648634515,9992.08262514,9.439090942909788,131.40774473154897,9.13463360485981,43.888529297708885
2008gp,51,0.03333,0.00088,0.03245,0.0002,0.03303,0.0002,35.7268,0.162633,,0,1,50.753,1.3619,-257.669,250,10.4696,139.75263334391184,9992.08262514,10.466810408926007,135.244920155141,10.129204038328517,37.80790852052474
2010ag,66,0.03335,0.00086,0.03336,2e-05,0.0334,2e-05,35.8159,0.198961,,0,1,255.973,31.5017,3.241,250,10.6105,145.60624429185427,9998.078474299999,13.34116143663335,140.9069959760529,12.910593154916873,25.261788213769204
2005iq,64,0.03341,0.00087,0.03292,0.00012,0.03404,0.00012,35.8647,0.150987,,0,1,359.635,-18.7092,-141.551,250,10.49,148.91553290869155,10016.06602178,10.354407207178589,144.1011146676455,10.01965067802575,43.86527817503105
2005iq,5,0.03341,0.00087,0.03292,0.00012,0.03404,0.00012,35.8516,0.143619,,0,1,359.635,-18.7092,-141.551,250,10.49,148.01986371176017,10016.06602178,9.789884832639919,143.23440232991763,9.473379232482673,48.48151727924805
PS15bsq,150,0.03371,0.00086,0.03309,2e-05,0.0343,2e-05,35.7797,0.159699,,0,1,355.467,-8.6379,-179.377,250,10.9397,143.19900488704448,10106.00375918,10.53144298828582,138.5291860261045,10.1880053286568,39.209888437468535
2004L,63,0.03373,0.00086,0.03344,1e-05,0.03229,1e-05,35.829,0.273673,,0,1,156.767,16.0187,-83.4708,250,10.1437,146.48730866134343,10111.99960834,18.461952842498537,141.7075142071367,17.859550213787486,13.351685504732895
2003gn,57,0.03375,0.00086,0.03316,2e-05,0.03438,2e-05,36.0229,0.243018,,0,1,338.465,20.8024,-170.66,250,7.0,160.16956644163673,10117.9954575,17.925204818137587,154.94033029420726,17.33998047703757,16.932579185272086
2003cq,63,0.03378,0.00086,0.03323,2e-05,0.03275,2e-05,35.8276,0.259126,,0,1,179.059,60.522,-159.416,250,10.4839,146.39289524179802,10126.989231239999,17.469347161024626,141.60933200661458,16.898515313726932,14.892856942712037
2006S,64,0.03393,0.00086,0.0331,1e-05,0.03224,1e-05,35.9089,0.177213,,0,1,191.413,35.0868,-240.121,250,10.2024,151.97774629782975,10171.95809994,12.4028434515901,146.99036327201043,11.995825105751935,31.84262369753149
2011dl,51,0.03403,0.00086,0.03432,1e-05,0.0341,1e-05,35.7587,0.312966,,0,0,244.521,21.5511,84.3244,250,9.08368,141.82082257585145,10201.937345739998,20.44009187671956,137.1534893338215,19.767407015966228,10.209528399802453
2006gr,57,0.03428,0.00086,0.03352,1e-05,0.03467,1e-05,35.9188,0.207416,,0,1,338.095,30.8287,-220.637,250,10.0957,152.67221272460756,10276.885460239999,14.58303570227798,147.6120709330235,14.099698053020438,23.244247477559185
2006gr,64,0.03428,0.00086,0.03352,1e-05,0.03467,1e-05,35.9378,0.211316,,0,1,338.095,30.8287,-220.637,250,10.0957,154.0139289468123,10276.885460239999,14.987806092629475,148.90931754149003,14.491052802557792,22.394183747339735
ASASSN-16dw,150,0.03437,0.00088,0.03565,0.00015,0.03466,0.00015,35.7837,0.217075,,0,1,202.503,-27.9739,371.74,250,10.1423,143.46303030397013,10303.86678146,14.341530275382087,138.69604716297854,13.864990550172653,21.221710249936173
2007ba,5,0.03441,0.00086,0.03533,1e-05,0.03474,1e-05,35.825,0.340606,,0,0,229.178,7.3966,266.821,250,11.1077,146.21771744567198,10315.85847978,22.934959546363814,141.35373541020675,22.17202032691468,8.619764722019314
ATLAS17ajs,150,0.03451,0.00086,0.0337,1e-05,0.03265,1e-05,35.9757,0.358083,,0,0,171.977,27.3458,-232.655,250,9.50928,156.72562123952792,10345.837725579999,25.844574577309945,151.4974444321736,24.982430887386244,7.798886380369365
1996bl,61,0.03459,0.00087,0.03481,9e-05,0.036,9e-05,35.7348,0.155656,,0,1,9.0749,11.3946,63.5454,250,10.1459,140.2684506594861,10369.82112222,10.054756330390981,135.57878063724385,9.718590292184327,41.27321199829628
2003kc,63,0.03479,0.00086,0.0341,1e-05,0.03316,1e-05,35.8566,0.205773,,0,1,146.643,30.6553,-200.587,250,10.3635,148.3610847378743,10429.77961382,14.058988433828416,143.3731334259843,13.586320348890514,23.616917986653238
2003iv,63,0.03491,0.00088,0.03351,0.00016,0.03426,0.00016,35.9118,0.165632,,0,0,42.5302,12.8462,-405.523,250,10.8038,152.1808480707793,10465.754708779998,11.607800364948908,147.04742254957367,11.216241378427986,36.451172962119784
ASASSN-15jl,150,0.03512,0.00086,0.03492,1e-05,0.03468,1e-05,35.8816,0.169326,,0,1,230.671,50.9766,-56.2292,250,8.79586,150.07902513254527,10528.711124959998,11.702787886333072,144.9870789208452,11.305730626722575,34.878090621708495
1992bg,50,0.03515,0.00088,0.03574,0.00015,0.03525,0.00015,35.8937,0.211664,,0,1,115.486,-62.5194,169.302,250,10.4968,150.91763818292213,10537.7048987,14.710677800168867,145.79301374962287,14.211155678084207,22.32060704554297
2005eu,57,0.03516,0.00507,0.03369,0.005,0.03449,0.005,35.8012,0.48333,,0,0,36.9303,28.1768,-427.555,250,8.86794,144.6238771034079,10540.702823279998,32.19062706671095,139.7116166615865,31.097247832905975,4.280677355155878
2005eu,64,0.03516,0.00507,0.03369,0.005,0.03449,0.005,35.8038,0.482057,,0,0,36.9303,28.1768,-427.555,250,8.86794,144.79714538102039,10540.702823279998,32.14430780011065,139.8789997498168,31.05250183557194,4.303315746220381
2008at,65,0.03522,0.00088,0.03497,0.00016,0.03472,0.00016,35.8349,0.334212,,0,0,156.801,71.4157,-70.4758,250,11.3036,146.8858632646469,10558.69037076,22.607249310775366,141.8885485835348,21.838111039948384,8.952738952173343
ASASSN-15tg,150,0.03529,0.00086,0.03445,6e-05,0.03561,6e-05,35.861,0.1686,,0,1,5.171,25.229,-241.332,250,10.227,148.66200985285977,10579.67584282,11.542589604799897,143.59455790441302,11.149136575065823,35.17911092536541
2007hu,65,0.03551,0.00086,0.03518,1e-05,0.03518,1e-05,35.9905,0.374822,,0,0,254.125,27.9779,-94.2535,250,11.2439,157.7974569943442,10645.630183579999,27.237720436296073,152.3862222425126,26.303676870620347,7.117866735549911
PTSS-16efw,150,0.03568,0.00086,0.03542,2e-05,0.03557,2e-05,36.234,0.188455,,0,1,263.908,8.809,-76.0813,250,9.96056,176.52247174525593,10696.594901440001,15.319808931011483,170.44113215013897,14.792029324705975,28.156889153002698
2016fbk,51,0.03576,0.00086,0.03495,1e-05,0.03587,1e-05,35.9591,0.225173,,0,1,26.0272,34.3827,-233.258,250,10.765,155.53208714413284,10720.57829808,16.12805509525568,150.16228387284008,15.571227982597975,19.722745560021735
AT2016fbk,150,0.03576,0.00086,0.03495,1e-05,0.03587,1e-05,36.1545,0.230318,,0,0,26.0272,34.3827,-233.258,250,10.7289,170.17666170341067,10720.57829808,18.049848664177865,164.30124903781828,17.42667091235215,18.851427351140565
1994T,61,0.03583,0.00086,0.03564,1e-05,0.03457,1e-05,35.9325,0.204232,,0,1,200.378,-2.149,-55.0583,250,10.2173,153.63847933315967,10741.56377014,14.450054153881675,148.32402936114966,13.95021784837442,23.974657928851844
ASASSN-15mi,150,0.03585,0.00086,0.03501,0.0,0.03442,0.0,35.5515,0.204326,,0,1,210.815,41.6041,-241.958,250,9.51083,128.9139750385606,10747.5596193,12.130237873755359,124.45235800411317,11.71041934040195,23.952603961585417
ASASSN-15ss,150,0.03599,0.00087,0.03592,0.00012,0.03556,0.00012,35.9909,0.187185,,0,1,93.1391,-14.2575,-19.5249,250,10.7564,157.82652703748744,10789.53056342,13.604943048801323,152.34367806396534,13.132311169800213,28.540259163205356
2001ck,57,0.03616,0.00093,0.03544,0.00036,0.03483,0.00036,35.8586,0.223482,,0,1,219.459,30.4839,-209.706,250,7.0,148.49779329366592,10840.495281279998,15.282986647869983,143.3155046456782,14.74963967714444,20.02234320348285
PS15bbn,150,0.03624,0.00087,0.03602,0.00012,0.0371,0.00012,36.1845,0.187245,,0,1,315.99,13.3684,-64.0261,250,7.94021,172.5440548877473,10864.47867792,14.878389159295619,166.5097418433445,14.358053307434202,28.521971452557
ASASSN-15lu,150,0.03635,0.00086,0.03577,1e-05,0.03505,1e-05,36.0035,0.185251,,0,0,200.304,40.2657,-168.232,250,9.65851,158.74497982957578,10897.4558483,13.542730789271191,153.17699602409974,13.067719196479173,29.13928411629164
2008hj,5,0.03682,0.00088,0.03643,0.00015,0.03761,0.00015,35.9282,0.1566,,0,1,1.008,-11.1687,-111.993,250,9.9461,153.33454188635542,11038.358303559999,11.058021807770738,147.88925935683667,10.665324557561329,40.777113926363064
2008hj,65,0.03682,0.00088,0.03643,0.00015,0.03761,0.00015,35.8836,0.185109,,0,1,1.008,-11.1687,-111.993,250,9.9461,150.21731669880575,11038.358303559999,12.805402064948975,144.8827344175515,12.350651091750713,29.184007662112258
2000dg,57,0.03697,0.00087,0.03725,2e-05,0.03849,2e-05,36.0748,0.289284,,0,0,1.5575,8.8882,80.3064,250,7.0,164.04386762557,11083.32717226,21.853957708247854,158.1953842691399,21.074821555346688,11.9495395813816
2002G,57,0.03702,0.00086,0.03631,1e-05,0.03548,1e-05,35.8056,0.308166,,0,0,196.98,34.0851,-203.358,250,10.5613,144.9172219311562,11098.316795159999,20.566027188706173,139.7439026548728,19.831852026678533,10.53005300992238
2002G,63,0.03702,0.00086,0.03631,1e-05,0.03548,1e-05,35.9287,0.318471,,0,0,196.98,34.0851,-203.358,250,10.5613,153.3698525345271,11098.316795159999,22.493424320046678,147.8947875012315,21.690444080197757,9.859620902385235
2006mo,64,0.03702,0.00088,0.03616,0.00016,0.03719,0.00016,36.0695,0.175025,,0,0,11.6606,36.3327,-249.263,250,10.793,163.6439673883429,11098.316795159999,13.190029616137409,157.80213244522082,12.719166087575369,32.64373377721195
2008ei,57,0.03702,0.001,0.03654,0.0005,0.03766,0.0005,36.08,0.336812,,0,0,334.388,33.2559,-139.346,250,7.0,164.43717232149308,11098.316795159999,25.50546469816062,158.56702119678798,24.594959304700602,8.815052182663978
2002hu,63,0.03705,0.00132,0.03591,0.001,0.0367,0.001,35.9637,0.166565,,0,1,34.5836,37.4663,-326.811,250,10.099,155.8619121639847,11107.310568899999,11.955546515729157,150.29353663177736,11.528418606363394,36.04396021951021
2000cf,62,0.03707,0.00087,0.03646,7e-05,0.03642,7e-05,36.0475,0.166339,,0,1,238.234,65.9369,-178.209,250,9.49238,161.99439939036284,11113.30641806,12.409085320221198,156.20392007324756,11.965523368934786,36.14197053378459
2001eh,57,0.03725,0.00088,0.03627,0.00016,0.03713,0.00016,36.0067,0.135213,,0,1,24.5504,41.6552,-283.424,250,11.1794,158.97908753159024,11167.269060499999,9.899291958859198,153.26978793115472,9.543785932860157,54.69694907614531
2001eh,63,0.03725,0.00088,0.03627,0.00016,0.03713,0.00016,35.9927,0.149174,,0,1,24.5504,41.6552,-283.424,250,11.1794,157.95740851886427,11167.269060499999,10.851226271690113,152.28479972896048,10.46153412551469,44.937998934120635
ASASSN-16db,150,0.0373,0.00086,0.03589,1e-05,0.03486,1e-05,35.8698,0.18969,,0,1,167.357,29.5732,-408.932,250,10.678,149.26569244643397,11182.2586834,13.039175204842527,143.89828636501875,12.57030290643259,27.791444915601147
AT2016hns,150,0.0374,0.00087,0.03704,6e-05,0.03817,6e-05,35.9789,0.163683,,0,1,324.921,24.4065,-105.312,250,10.4701,156.9567509109956,11212.2379292,11.83121265864379,151.29819829477114,11.404677712207237,37.324401072060134
ASASSN-15bc,150,0.03753,0.00087,0.03639,0.0001,0.03672,0.0001,35.949,0.262609,,0,1,61.561,-8.8856,-330.399,250,8.86694,154.8103526708932,11251.21094874,18.72213145623492,149.2104832350806,18.044906129205824,14.500426895837663
2007jg,51,0.03756,0.00086,0.03652,1e-05,0.03707,1e-05,36.3333,0.171248,,0,1,52.4617,0.0568,-297.735,250,8.21426,184.7821432097354,11260.20472248,14.572403647269939,178.09297121104842,14.044878028518774,34.099576384836276
2007jg,5,0.03756,0.00086,0.03652,1e-05,0.03707,1e-05,36.2185,0.171341,,0,1,52.4617,0.0568,-297.735,250,8.21426,175.26693824662016,11260.20472248,13.829516016187398,168.92221967560445,13.328883164527737,34.062569480946316
AT2016cvw,150,0.03787,0.00087,0.03761,9e-05,0.03888,9e-05,36.0063,0.206656,,0,0,341.553,10.5588,-75.0326,250,10.8943,158.9498051985117,11353.140384459999,15.127031225057657,153.1500141621896,14.575073202865152,23.41552836677443
2002eu,57,0.0379,0.00093,0.03672,0.00033,0.03763,0.00033,36.0624,0.163008,,0,0,27.4317,32.6286,-342.829,250,10.5735,163.10977926689742,11362.1341582,12.244318086759156,157.153655715288,11.797204053144961,37.634154379795696
2008gb,65,0.03796,0.00087,0.03641,9e-05,0.037,9e-05,36.0889,0.198876,,0,1,44.488,46.8657,-447.194,250,9.17934,165.1125177975357,11380.12170568,15.121959158034073,159.0740662429532,14.56892284677066,25.2833867059761
2007O,57,0.03818,0.00087,0.03732,1e-05,0.03694,1e-05,35.8938,0.151724,,0,1,224.022,45.4047,-245.945,250,10.8351,150.92458835703331,11446.07604644,10.54532498019799,145.37420134950904,10.157511202487033,43.44016162670425
2007O,64,0.03818,0.00087,0.03732,1e-05,0.03694,1e-05,35.8617,0.152703,,0,1,224.022,45.4047,-245.945,250,10.8351,148.70994054784956,11446.07604644,10.457629556774824,143.2409991984526,10.073040856859912,42.884945395758415
2008fr,65,0.03828,0.00218,0.0379,0.002,0.039,0.002,36.1141,0.236153,,0,1,17.9548,14.6408,-110.971,250,8.07746,167.03981487213454,11476.05529224,18.165993373264563,160.88127949313724,17.49623740538637,17.931353232546513
SN2017ciy,150,0.03834,0.00136,0.03762,0.00105,0.03765,0.00105,36.5177,0.245806,,0,0,256.029,25.0529,-206.067,250,9.7066,201.1592464181809,11494.04283972,22.770793452578356,193.73157772808608,21.929997354025037,16.55064947271181
2008O,5,0.03847,0.00088,0.0394,0.00014,0.03889,0.00014,36.2254,0.311188,,0,0,104.394,-45.8123,267.873,250,11.4466,175.82474652822367,11533.015859259998,25.19698200301503,169.31133930515438,24.263562744243966,10.326527767167637
2009bv,65,0.03848,0.00087,0.03748,6e-05,0.03667,6e-05,36.2564,0.149974,,0,1,196.835,35.7844,-287.734,250,10.123,178.35282800257434,11536.013783839999,12.31804139423389,171.74411447748088,11.861606765882723,44.4598558587038
2008051,65,0.03873,0.00087,0.03835,6e-05,0.03777,6e-05,36.0125,0.17035,,0,1,229.995,4.9046,-109.175,250,8.26419,159.40428807122197,11610.96189834,12.505118809675277,153.46075310352256,12.038853994469475,34.46003579191618
ASASSN-15np,150,0.03884,0.00087,0.03832,5e-05,0.03768,5e-05,36.026,0.219507,,0,1,226.511,7.5615,-150.196,250,10.1408,160.398388250842,11643.93906872,16.214145229513196,154.40143645878288,15.607933107613489,20.75406876738349
2010dw,66,0.03902,0.00088,0.03871,0.00015,0.03812,0.00015,36.0125,0.204712,,0,0,230.668,-5.9211,-89.871,250,10.008,159.40428807122197,11697.901711159999,15.027577820758705,153.41792080154565,14.463222864582688,23.862360220230784
ASASSN-15pn,150,0.03909,0.00087,0.038,0.0,0.03836,0.0,36.1962,0.220822,,0,0,60.8598,-5.492,-314.397,250,9.1308,173.4762398042989,11718.887183219998,17.641195926868196,166.95015812326062,16.977543741993664,20.507622857279678
1999aw,50,0.0391,0.00132,0.03928,0.001,0.038,0.001,36.2125,0.18352,,0,0,165.402,-6.1088,53.0963,250,9.41836,174.78332624182173,11721.8851078,14.771652585281883,168.20645389454504,14.21581424817812,29.69157249608357
2008dr,57,0.04014,0.00087,0.03996,1e-05,0.04119,1e-05,36.284,0.147901,,0,1,332.715,2.1082,-51.0533,250,11.3888,180.63420831699753,12033.66926412,12.303163478942748,173.6633610062083,11.828372602671513,45.71490053842393
PS15cze,150,0.04035,0.00087,0.03891,2e-05,0.03937,2e-05,36.5486,0.234635,,0,1,56.8476,0.8772,-414.188,250,10.4136,204.0422011822287,12096.625680299998,22.047455756095694,196.12841945713333,21.192344649488817,18.16412195938405
2003fa,57,0.04056,0.00088,0.04015,0.00012,0.04039,0.00012,36.0167,0.143473,,0,1,266.032,40.881,-119.777,250,10.3091,159.71290165828643,12159.582096479999,10.552512221292284,153.48745065953568,10.141185728158188,48.580238334900926
2003fa,63,0.04056,0.00088,0.04015,0.00012,0.04039,0.00012,36.0818,0.14498,,0,1,266.032,40.881,-119.777,250,10.3091,164.57353584105414,12159.582096479999,10.987876761257729,158.1586221275603,10.559580188800002,47.575549067984525
SN2016glz,150,0.04077,0.00087,0.03975,7e-05,0.04099,7e-05,35.9918,0.210464,,0,0,1.4732,8.4302,-294.353,250,9.40195,157.89195421671715,12222.53851266,15.303244059946387,151.70686531771395,14.703771303886917,22.57586293284944
PS16axi,150,0.04089,0.00087,0.04056,1e-05,0.0393,1e-05,36.1263,0.168835,,0,1,162.03,0.1635,-93.2801,250,10.1805,167.9809372198872,12258.51360762,13.060751502634877,161.3820261698039,12.547676990493594,35.081248069670764
SN2017coa,150,0.04095,0.00312,0.04045,0.003,0.04,0.003,36.4104,0.307187,,0,0,132.48,56.099,-143.561,250,8.76499,191.46085764730603,12276.501155099999,27.08497985991225,183.9289664703454,26.019482069179354,10.597278179479549
2009do,65,0.04099,0.00087,0.04027,1e-05,0.03964,1e-05,36.0403,0.147245,,0,1,188.743,50.8512,-206.576,250,10.4649,161.4581604110556,12288.492853419999,10.948288693671227,155.1005873361469,10.517189111971513,46.12314227960502
2001az,63,0.04101,0.00087,0.04059,9e-05,0.04069,9e-05,36.3153,0.150794,,0,1,248.615,76.0297,-120.833,250,10.239,183.25675834510358,12294.488702579998,12.725936326332421,176.03746202736147,12.224605264437827,43.97763564905277
2007jh,5,0.04167,0.00087,0.04023,1e-05,0.04075,1e-05,36.5601,0.280122,,0,0,54.0064,1.1034,-415.609,250,10.84,205.12566405097326,12492.351724859998,26.46140517994755,196.9200073449108,25.40286768357306,12.743994140799643
1992bl,50,0.04222,0.00089,0.0428,0.00018,0.04359,0.00018,36.2101,0.208042,,0,1,348.805,-44.7433,167.011,250,10.8343,174.590255285305,12657.237576759999,16.726947913723176,167.51765969306385,16.049344585330523,23.104573690181606
2014bj,51,0.04258,0.00507,0.04239,0.005,0.043,0.005,36.5106,0.426487,,0,1,290.663,43.8908,-53.1604,250,7.87303,200.50259599793975,12765.16286164,39.37961646881936,192.31387135561755,37.77131392201975,5.497793260393082
2006cf,64,0.04268,0.00087,0.04223,1e-05,0.04146,1e-05,36.2931,0.151018,,0,1,163.511,46.0267,-129.538,250,10.9479,181.39278134100581,12795.14210744,12.615207511965814,173.96783417827695,12.098829470178591,43.847271261212576
2006cz,64,0.04268,0.0009,0.04251,0.00021,0.04175,0.00021,35.9138,0.29449,,0,0,222.153,-4.7419,-49.9495,250,10.8544,152.32107637927174,12795.14210744,20.657427460901783,146.0861207458393,19.811857387599055,11.530785569901255
2007kk,51,0.04285,0.00088,0.0413,0.00016,0.04177,0.00016,36.2521,0.175538,,0,1,55.5969,39.2418,-446.686,250,10.8891,177.99999905367622,12846.1068253,14.389206004622856,170.6860996822901,13.797963278153958,32.4532135997132
2007kk,65,0.04285,0.00088,0.0413,0.00016,0.04177,0.00016,36.2071,0.166515,,0,1,55.5969,39.2418,-446.686,250,10.8891,174.3492164758336,12846.1068253,13.36961945924096,167.1853252872739,12.820270853182105,36.065609543437795
AT2016htm,150,0.04289,0.00088,0.04265,0.00015,0.04332,0.00015,36.2018,0.162522,,0,1,38.0109,-26.6659,-67.4911,250,9.40838,173.9241942300274,12858.09852362,13.017207941845077,166.77137016370605,12.481860926698959,37.859570584474845
ASASSN-16ct,150,0.04306,0.00087,0.04252,4e-05,0.04191,4e-05,36.2457,0.207056,,0,0,228.476,4.7573,-155.752,250,8.98925,177.47615041995934,12909.06324148,16.92284997051442,170.14951241535417,16.22423443571263,23.32514543351335
SN2016ayg,150,0.04349,0.00088,0.04328,0.00012,0.04269,0.00012,36.4165,0.166064,,0,0,112.572,25.0321,-60.5626,250,8.05522,191.99945679542867,13037.973998419999,14.683215708174226,183.99740945809606,14.071256752028505,36.26177098859851
2007nq,5,0.04349,0.00087,0.04275,6e-05,0.04389,6e-05,36.2137,0.152187,,0,0,14.3899,-1.3886,-212.649,250,11.1165,174.87994177078244,13037.973998419999,12.256408868763382,167.59139212717173,11.745593027976676,43.176246835600516
2007nq,65,0.04349,0.00087,0.04275,6e-05,0.04389,6e-05,36.2882,0.166626,,0,0,14.3899,-1.3886,-212.649,250,11.1165,180.98392394667036,13037.973998419999,13.887640100504854,173.44097590458017,13.30883870521505,36.0175744319805
MASTERJ0134,150,0.04369,0.00087,0.04391,4e-05,0.04485,4e-05,36.2594,0.177777,,0,1,23.5627,-17.8121,60.6481,250,9.19675,178.59940182835095,13097.932490019999,14.621814083243137,171.12303636937304,14.009729022260572,31.640901857285627
ASASSN-15mg,150,0.04408,0.00087,0.04307,1e-05,0.04277,1e-05,36.3298,0.181208,,0,1,233.094,41.8504,-289.796,250,9.84386,184.48454948048774,13214.85154864,15.39511904261656,176.69579867489824,14.745152711110798,30.454064686082297
AT2016cvv,150,0.04438,0.00096,0.04404,0.0004,0.04457,0.0004,36.5469,0.231201,,0,1,290.12,54.2087,-97.4435,250,11.4594,203.88252335412145,13304.78928604,21.707779051402813,195.218716706679,20.785326271474762,18.707708045302457
2005ku,5,0.04439,0.00087,0.04397,1e-05,0.04525,1e-05,36.2916,0.249078,,0,1,344.927,-0.0137,-120.6,250,9.64568,181.26752291442665,13307.78721062,20.792229214893695,173.56305873708735,19.908491286678057,16.118672089729934
1992bh,50,0.0444,0.00218,0.0451,0.002,0.045,0.002,36.551,0.270525,,0,1,74.8628,-58.8304,202.276,250,10.1363,204.267841627554,13310.7851352,25.447966833068936,195.58391576747798,24.366111483214222,13.664230786944998
2006gt,5,0.04464,0.00087,0.04366,2e-05,0.0448,2e-05,36.5114,0.286272,,0,0,14.0721,-1.6294,-282.87,250,9.98853,200.5764774927631,13382.735325119998,26.442624420726425,192.00535829832583,25.31266696730589,12.202315665111215
2006hx,5,0.04487,0.00087,0.04429,1e-05,0.04539,1e-05,36.4565,0.162334,,0,0,18.4888,0.3717,-166.742,250,10.1086,195.56899320289216,13451.68759046,14.620262639980178,187.17064630326468,13.992422636289852,37.94731216341139
PS16cqa,150,0.04521,0.00087,0.04433,1e-05,0.04385,1e-05,36.6866,0.304921,,0,0,234.779,9.2946,-252.758,250,10.6243,217.4302674194685,13553.61702618,30.5318429473305,208.02543739484744,29.211204396561936,10.75536935366722
PSNJ1204051,150,0.04545,0.00087,0.04502,1e-05,0.04385,1e-05,36.4541,0.196266,,0,1,181.021,14.0681,-123.442,250,10.0939,195.352961769033,13625.567216099998,17.65674950624969,186.8601671711062,16.88913817614395,25.960308981005582
2005hc,64,0.04575,0.00087,0.04496,2e-05,0.04592,2e-05,36.4634,0.173532,,0,1,29.1998,-0.2137,-228.691,250,7.0,196.19141523596204,13715.5049535,15.678526938461683,187.6083339574105,14.992614810864627,33.20785741751497
2005hc,5,0.04575,0.00087,0.04496,2e-05,0.04592,2e-05,36.5139,0.151933,,0,1,29.1998,-0.2137,-228.691,250,7.0,200.80753267683696,13715.5049535,14.050047667419573,192.02250315738652,13.435379074749772,43.32073070361023
SN2016esh,150,0.04583,0.00087,0.04488,3e-05,0.04457,3e-05,36.1579,0.182756,,0,0,241.06,16.6902,-273.17,250,9.49048,170.4433258608833,13739.48835014,14.344893503837243,162.9742174740477,13.716276549570429,29.94033890224579
PS17tn,150,0.0459,0.00087,0.04549,1e-05,0.0447,1e-05,36.3811,0.196005,,0,0,145.807,41.3173,-116.657,250,10.2394,188.89479887396487,13760.4738222,17.050331789174994,180.60502808486936,16.302066917654646,26.029492439194133
2008050,65,0.04625,0.0009,0.04627,0.0002,0.04526,0.0002,36.2636,0.218105,,0,1,204.198,5.1418,6.3868,250,9.02736,178.94517798476895,13865.4011825,17.973444135568144,171.0348176676406,17.178919125991058,21.021744650390758
AT2016ews,150,0.04631,0.00087,0.04612,1e-05,0.04555,1e-05,36.5394,0.159223,,0,0,225.652,23.3528,-54.4087,250,10.3881,203.1795527516752,13883.388729979999,14.898120642014886,194.1867637236337,14.238725274550454,39.44467618719825
2005lz,64,0.04643,0.00088,0.04541,0.00014,0.04624,0.00014,36.3247,0.195021,,0,1,32.7073,34.9828,-292.459,250,11.0342,184.05177069851908,13919.36382494,16.529779616860075,175.88541106287002,15.796354860678761,26.292824462130692
360156,15,0.04656,0.00087,0.04673,1e-05,0.04551,1e-05,36.5081,0.209562,,0,1,150.807,1.8953,46.5044,250,9.8038,200.27189168317588,13958.336844479998,19.32761290495018,191.36207353919116,18.467754266310752,22.770623935865384
2004gu,5,0.04664,0.00087,0.0467,2e-05,0.04558,2e-05,36.4713,0.19409,,0,0,191.603,11.9489,18.5312,250,10.026,196.90647610958322,13982.32024112,17.599845054730757,188.1319996460896,16.81556700941179,26.545669311502834
2008cf,5,0.04682,0.00088,0.04692,9e-05,0.04603,9e-05,36.4786,0.148197,,0,1,211.886,-26.5518,29.5697,250,8.91208,197.56954514755503,14036.28288356,13.483576283962442,188.73306313172753,12.880510769723966,45.53246638744191
2008cf,65,0.04682,0.00088,0.04692,9e-05,0.04603,9e-05,36.4857,0.182928,,0,1,211.886,-26.5518,29.5697,250,8.91208,198.2165897616274,14036.28288356,16.69805435842149,189.35116807247414,15.951218316827621,29.88406192722772
AT2017yk,150,0.04691,0.00089,0.04764,0.00015,0.04644,0.00015,36.7582,0.280677,,0,1,146.133,-12.3082,207.291,250,10.0803,224.7191068055126,14063.26420478,29.046413145494125,214.64988089282994,27.7448998915801,12.6936449929167
2016afk,150,0.04738,0.00087,0.04677,1e-05,0.0456,1e-05,36.5642,0.229149,,0,0,155.625,15.0966,-172.356,250,9.44086,205.51333174023148,14204.166660039999,21.68720829634363,196.21658971932965,20.70615086820794,19.04425847926766
PS16fa,150,0.0476,0.00087,0.04734,1e-05,0.04611,1e-05,36.6009,0.161688,,0,1,154.819,4.7617,-74.0873,250,10.2881,209.0162251112683,14270.1210008,15.56336394498302,199.5191152264875,14.856208424000592,38.25114342582396
PS15aii,150,0.04777,0.00087,0.04768,1e-05,0.04655,1e-05,36.5946,0.145385,,0,1,191.19,9.7597,-26.3507,250,10.3823,208.41069410500313,14321.085718659999,13.953568385059885,198.90881978392503,13.317396360899705,47.31085518984748
PS17akj,150,0.04777,0.00087,0.0478,1e-05,0.04681,1e-05,36.5627,0.208806,,0,1,207.455,-3.08,8.6079,250,8.85712,205.37141718120375,14321.085718659999,19.748251899498676,196.00810977714931,18.847888276528888,22.935808414731394
ATLAS16agv,150,0.04819,0.00089,0.04777,0.00017,0.04779,0.00017,36.4976,0.165873,,0,0,250.29,50.9724,-119.844,250,9.10622,199.3058287777409,14446.998551019999,15.224441992433558,190.14284507364212,14.524506046073286,36.34532872065506
ASASSN-15pm,150,0.04837,0.00089,0.04777,0.00015,0.04879,0.00015,36.3735,0.154741,,0,1,24.6504,-4.6798,-170.031,250,10.292,188.23483601033706,14500.96119346,13.413777044288747,179.5500023945144,12.794888297346114,41.762760898429605
1995ac,61,0.0486,0.00087,0.04867,2e-05,0.0499,2e-05,36.3303,0.135835,,0,1,341.392,-8.7513,20.1185,250,10.3844,184.527033508807,14569.913458799998,11.542964804352547,175.97466479954892,11.00797711649108,54.197172013514184
AT2016gmg,150,0.04865,0.00088,0.04839,0.00011,0.04944,0.00011,36.641,0.181462,,0,0,320.924,33.1147,-72.714,250,10.9955,212.9119315929503,14584.903081699998,17.792270701393257,203.03431229957593,16.966834216748442,30.36886868146364
1990af,50,0.04934,0.00089,0.05018,0.00015,0.05057,0.00015,36.5997,0.202684,,0,0,323.747,-62.7371,238.032,250,11.2421,208.9007503864599,14791.75987772,19.498677259621065,199.0782304938913,18.5818488379563,24.342269530686078
PS16el,150,0.0494,0.00087,0.04896,1e-05,0.0478,1e-05,36.4691,0.176995,,0,1,162.802,19.3625,-126.334,250,9.98418,196.70708380923512,14809.7474252,16.03343894503896,187.44719249974762,15.278672522430876,31.92111141655269
2006cq,64,0.04944,0.00088,0.04928,2e-05,0.04844,2e-05,36.5828,0.168097,,0,1,201.105,30.9563,-44.6685,250,10.6551,207.2812409419043,14821.73912352,16.045957851416297,197.51604755098367,15.290019297355064,35.389960226479694
1993ag,50,0.04985,0.00089,0.05019,0.00015,0.04909,0.00015,36.6402,0.244395,,0,0,150.894,-35.4626,96.2267,250,10.7191,212.83350638592546,14944.654031299999,23.953997557250005,202.72753858734626,22.816590519836172,16.74230953030258
PS15asb,150,0.04989,0.00094,0.04952,0.00033,0.04863,0.00033,36.4714,0.18553,,0,1,215.085,-9.3009,-107.07,250,10.2884,196.91554419671436,14956.645729619999,16.82440944435259,187.55826248151175,16.024925891619684,29.05171070577241
1998dx,62,0.05018,0.00088,0.0498,4e-05,0.05014,4e-05,36.5693,0.155812,,0,0,272.8,49.8613,-106.539,250,11.2793,205.99657517250768,15043.58554244,14.781094261257039,196.15358812061518,14.074819803516576,41.1906073481174
PS16dnp,150,0.05023,0.00088,0.04998,3e-05,0.05127,3e-05,36.8583,0.163226,,0,1,344.915,2.1498,-70.9704,250,8.04941,235.3206286944598,15058.575165339998,17.688663586491817,224.06580339017148,16.84265692895063,37.53369529881228
2007kh,65,0.05032,0.00508,0.04944,0.005,0.05,0.005,36.5403,0.453411,,0,1,48.8004,43.1703,-250.684,250,9.56783,203.2637810830167,15085.556486559999,42.44218523833914,193.52557418978665,40.40881373137629,4.864250091255889
ASASSN-17eb,150,0.05044,0.00088,0.0497,1e-05,0.04924,1e-05,36.4621,0.201896,,0,0,234.642,13.3478,-213.562,250,10.8378,196.07399605595916,15121.53158152,18.230282519008686,186.65892012486114,17.35490129755977,24.532656081087513
PS15brr,150,0.05049,0.00088,0.05063,9e-05,0.0518,9e-05,36.5461,0.190961,,0,0,358.356,-15.6545,40.2678,250,9.68818,203.8074240913271,15136.52120442,17.92298596166552,194.01176983248496,17.061548383769026,27.42272695584607
2008hu,5,0.05052,0.00089,0.05071,0.00014,0.04981,0.00014,36.7036,0.133364,,0,0,122.312,-18.6536,55.2605,250,11.5,219.13916374051593,15145.51497816,13.458736710175707,208.60065847438977,12.811499743151685,56.2241339241382
AT2016cor,150,0.05066,0.00088,0.04995,3e-05,0.04954,3e-05,36.8523,0.302557,,0,0,236.13,16.3035,-201.718,250,9.59462,234.67131124673205,15187.485922279999,32.69737511087906,223.35609164404477,31.120795605504217,10.924098047799216
PS16fbb,150,0.05106,0.00088,0.05139,0.0001,0.0525,0.0001,36.8804,0.16836,,0,1,1.7631,-20.6968,91.7398,250,8.77965,237.7278157113996,15307.40290548,18.4316664019173,226.17911033756357,17.536264725055943,35.27947923650239
2003ic,63,0.05126,0.00088,0.05196,2e-05,0.05311,2e-05,36.393,0.201448,,0,0,10.4593,-9.3053,198.527,250,9.30338,189.93281282184802,15367.36139708,17.6201111787827,180.67158725895402,16.76094513134971,24.6418937101493
ASASSN-16hc,150,0.05151,0.00088,0.05165,1e-05,0.05093,1e-05,36.5862,0.156832,,0,1,209.768,33.139,40.677,250,10.7547,207.60604739257937,15442.309511579999,14.99409869634322,197.43611320156668,14.259587351849456,40.65656080997507
1993O,50,0.05194,0.00091,0.05148,0.00023,0.05051,0.00023,36.7759,0.228182,,0,0,202.785,-33.2152,-131.156,250,10.2759,226.55831186521786,15571.220268519999,23.8071312771345,215.371895607371,22.63164370319077,19.206013741296996
2006ot,5,0.05202,0.00089,0.05232,0.00015,0.0531,0.00015,36.8679,0.208308,,0,1,33.7702,-20.7662,85.9349,250,11.3736,236.36327562989055,15595.203665159997,22.67418227564755,224.6756484001165,21.552995452222913,23.045604350212763
2006ot,64,0.05202,0.00089,0.05232,0.00015,0.0531,0.00015,36.5433,0.298829,,0,0,33.7702,-20.7662,85.9349,250,11.3736,203.5447944468349,15595.203665159997,28.01098789613601,193.4799665850791,26.625908153966666,11.198362375011797
AT2016htn,150,0.05222,0.00089,0.05229,0.00015,0.05312,0.00015,36.8411,0.218249,,0,1,32.8711,-16.5102,20.9412,250,10.2648,233.46404185929322,15655.16215676,23.46485888950337,221.87759390554564,22.30033537616028,20.99401364054558
PS16evk,150,0.05262,0.00088,0.0532,1e-05,0.05447,1e-05,36.9144,0.207509,,0,1,338.344,-1.357,165.11,250,9.93232,241.47935101502327,15775.079139959998,23.076111135549418,229.40790695124855,21.92254672678594,23.223417242688384
PS16n,150,0.05309,0.00088,0.05268,2e-05,0.05273,2e-05,36.7752,0.161766,,0,0,75.9333,3.4125,-119.126,250,10.0228,226.4852898647828,15915.981595219999,16.8722472547686,215.06736353472428,16.02165746020625,38.2142646023785
2010dt,66,0.05316,0.00088,0.05291,2e-05,0.05287,2e-05,36.8474,0.172204,,0,1,250.811,32.6751,-69.1188,250,10.1659,234.14236461427896,15936.967067279998,18.568162127843696,222.32363991632698,17.6309033079909,33.722015969170194
2006lu,5,0.05346,0.00088,0.05449,9e-05,0.0534,9e-05,36.8631,0.133817,,0,1,138.824,-25.6001,291.109,250,10.0668,235.84137597442037,16026.90480468,14.533726180660786,223.87311903102193,13.796182276176395,55.84411609859298
PS16bby,150,0.05468,0.00088,0.0543,8e-05,0.05343,8e-05,36.8327,0.178902,,0,0,215.075,-22.189,-108.878,250,10.4871,232.56266741419662,16392.651603439997,19.16023714756901,220.5054304757809,18.1668725561962,31.244214348702453
PS16ayd,150,0.05469,0.00088,0.05485,1e-05,0.05399,1e-05,36.8581,0.149593,,0,1,216.826,-1.6753,45.7329,250,10.4328,235.2989558616778,16395.64952802,16.209773861256334,223.09774043716905,15.369230637681532,44.686614816713906
SN2017cpu,150,0.05502,0.00088,0.05529,1e-05,0.0544,1e-05,36.6433,0.175423,,0,0,211.969,9.642,78.2932,250,10.521,213.13756507243303,16494.58103916,17.218377223605,202.0222982241408,16.320427312851887,32.4957774924172
490007,15,0.05541,0.00088,0.05513,1e-05,0.05439,1e-05,36.8676,0.194374,,0,1,184.268,46.6275,-80.9386,250,9.16275,236.3306230922006,16611.50009778,21.154553164761012,223.9230470548892,20.043919580789467,26.468154186156966
AT2017oz,150,0.05614,0.00088,0.05641,1e-05,0.05569,1e-05,36.8109,0.193162,,0,0,211.673,30.3188,78.8558,250,9.48953,230.23958829201888,16830.34859212,20.48082174968567,218.00101150606818,19.392146637458737,26.80134647447505
2006py,5,0.05653,0.00088,0.05658,1e-05,0.05787,1e-05,36.9098,0.185051,,0,0,340.425,-0.1369,14.3375,250,9.57313,240.96834784153114,16947.26765074,20.535114119343962,228.07525374720183,19.436375795617696,29.20230464736625
PS16aer,150,0.05693,0.00088,0.05668,1e-05,0.05547,1e-05,37.0393,0.176308,,0,1,163.742,14.2716,-71.0523,250,10.2711,255.77612291907764,17067.18463394,20.767188421087365,241.99911339358107,19.64859396657051,32.170363058797015
2005hj,5,0.05708,0.00088,0.05631,1e-05,0.05739,1e-05,36.9903,0.171451,,0,1,21.7017,-1.2381,-217.878,250,9.22407,250.06908210367962,17112.153502639998,19.74448029266427,236.5659005029701,18.678321690566722,34.0188755896851
2008eq,51,0.05728,0.00088,0.0568,0.0,0.0568,0.0,37.0687,0.221323,,0,1,255.03,23.1324,-136.253,250,10.1809,259.2626764044559,17172.11199424,26.424831869103123,245.21666578811278,24.993220215177743,20.414883374537443
2006ob,5,0.05824,0.00088,0.0576,4e-05,0.0586,4e-05,36.9821,0.138149,,0,0,27.9506,0.2633,-179.424,250,11.0302,249.12654209346374,17459.912753919998,15.849422038632735,235.41591897250504,14.977152667289777,52.39676916635846
2006ob,64,0.05824,0.00088,0.0576,4e-05,0.0586,4e-05,36.9324,0.14674,,0,0,27.9506,0.2633,-179.424,250,11.0302,243.48936663728898,17459.912753919998,16.454102526826627,230.0889841976196,15.548554701038164,46.44115054495253
SN2016gmb,150,0.0583,0.00089,0.05708,8e-05,0.05827,8e-05,36.9545,0.182842,,0,1,8.6861,-6.1589,-343.702,250,9.39885,245.98011487888576,17477.900301399997,20.71198140376302,232.42947640450322,19.57099253875368,29.912180562270578
2001ah,63,0.05886,0.00088,0.05837,1e-05,0.05776,1e-05,36.9802,0.215566,,0,1,167.624,55.1608,-138.06,250,10.5719,248.90865610696395,17645.78407788,24.709613222443316,235.07230049955987,23.33605313492182,21.51986159154289
2001ah,57,0.05886,0.00088,0.05837,1e-05,0.05776,1e-05,37.146,0.252804,,0,0,167.624,55.1608,-138.06,250,10.5719,268.6581377268703,17645.78407788,31.27732664355327,253.72394625056222,29.53867994215786,15.647037283398182
LSQ13crf,56,0.05974,0.00508,0.05934,0.005,0.06,0.005,36.3001,0.617516,,0,0,47.7093,1.4219,-112.03,250,8.80055,181.97846608610013,17909.60144092,51.75042241897884,171.71991817436367,48.83313116328425,2.6224279831545156
SN2017cjv,150,0.06092,0.0009,0.06079,0.00014,0.05953,0.00014,37.032,0.17759,,0,0,152.69,-3.7775,-37.2838,250,10.6078,254.91770505091154,18263.35654136,20.847990074198737,240.27985621056396,19.650859701201536,31.707571870578153
2008bz,5,0.06099,0.00089,0.0613,1e-05,0.06015,1e-05,37.1631,0.123921,,0,1,189.741,11.1295,88.7212,250,10.3562,270.7821299238384,18284.34201342,15.452921333578995,255.21647699209075,14.56462486317401,65.11936864337157
2008bz,65,0.06099,0.00089,0.0613,1e-05,0.06015,1e-05,37.1925,0.16057,,0,1,189.741,11.1295,88.7212,250,10.3562,274.47323434785375,18284.34201342,20.29598306020055,258.6954017925275,19.12928779743499,38.78565992844302
SN2016hhv,150,0.06121,0.0009,0.06067,0.00014,0.06194,0.00014,37.1383,0.198009,,0,0,353.952,20.7088,-151.965,250,10.7875,267.70716811994197,18350.296354179998,24.4112835235472,252.26596820604968,23.003254326238164,25.50528255043012
2008go,51,0.06137,0.0009,0.06116,0.00015,0.06227,0.00015,36.9608,0.196145,,0,0,332.687,-20.7881,-60.2294,250,10.7539,246.69480270775784,18398.26314746,22.283475426654213,232.43054044089985,20.995011566799718,25.992348199687857
2008go,5,0.06137,0.0009,0.06116,0.00015,0.06227,0.00015,36.9691,0.141986,,0,0,332.687,-20.7881,-60.2294,250,10.7539,247.63954648737115,18398.26314746,16.192399449085705,233.32065772291583,15.25613070756259,49.60311506959463
2006oa,64,0.06153,0.00089,0.06142,1e-05,0.06257,1e-05,37.0747,0.183316,,0,1,320.929,-0.8435,-33.0806,250,8.11091,259.98003626595624,18446.22994074,21.947550482000814,244.91068200235154,20.675393518789683,29.75769275887936
1992bs,50,0.06372,0.0009,0.0637,0.00015,0.06405,0.00015,37.3517,0.206518,,0,1,52.3749,-37.2718,-4.4741,250,10.5104,295.3520570826012,19102.77542376,28.08947323358931,277.65958812713984,26.406830024432473,23.446832393956925
SN2016aqb,150,0.06384,0.00089,0.06419,4e-05,0.06289,4e-05,37.0197,0.155855,,0,0,170.493,-13.9837,100.695,250,9.62423,253.47784137269775,19138.750518719997,18.193088152541872,238.26688352825403,17.101338690537933,41.16788171491081
PS16bnz,150,0.06446,0.00091,0.06398,0.00021,0.0627,0.00021,37.0786,0.154429,,0,0,155.154,-2.4668,-135.381,250,11.2932,260.4473842242888,19324.62184268,18.522284198551105,244.67559534814723,17.400639008089648,41.93168181270329
2007ae,64,0.06533,0.00096,0.06485,0.00036,0.06499,0.00036,37.0851,0.153034,,0,1,255.467,79.0318,-135.085,250,10.8837,261.22816516450314,19585.44128114,18.40999261726298,245.20868197131702,17.281023361083403,42.69963277627494
PS15cms,150,0.06627,0.00089,0.06603,3e-05,0.06479,3e-05,37.3617,0.203312,,0,1,149.646,0.743,-69.583,250,10.4286,296.71534023638696,19867.246191659997,27.78105261193678,278.2741146580012,26.054425813290045,24.192122606401973
6057,1,0.06654,0.00089,0.06652,1e-05,0.06707,1e-05,37.1627,0.296189,,0,1,52.5536,-0.9746,-6.3317,250,9.52798,270.7322546060013,19948.19015532,36.92789989321598,253.84163238697215,34.62401775199803,11.398879143433138
SN2016ixf,150,0.06711,0.0009,0.06723,0.00011,0.06602,0.00011,37.4237,0.194412,,0,1,159.936,15.0347,32.3162,250,9.99601,305.3092764448791,20119.07185638,27.33435008986579,286.1085328081258,25.61530684734075,26.45780820378309
AT2016aj,150,0.06725,0.00089,0.06731,5e-05,0.06741,5e-05,37.2344,0.203006,,0,0,70.6025,-21.7244,17.2632,250,10.7026,279.8208039352443,20161.0428005,26.15980837460089,262.18861928811833,24.511415670743396,24.265109304282824
PS15bjg,150,0.06786,0.00089,0.06758,1e-05,0.06889,1e-05,37.4935,0.190499,,0,0,343.793,-0.4102,-77.8014,250,11.2378,315.28259759551827,20343.91619988,27.659121661476,295.2471275218833,25.901449311216826,27.55589996680462
CSS160129,150,0.06844,0.00134,0.06841,0.001,0.06766,0.001,37.2381,0.191221,,0,0,115.123,10.9333,-8.7606,250,8.86459,280.29800066741007,20517.79582552,24.68318904294211,262.34323000581225,23.102082515576082,27.348205205625945
2006al,64,0.06886,0.00089,0.06908,2e-05,0.0678,2e-05,37.4213,0.159324,,0,0,159.868,5.1834,60.4147,250,10.5011,304.97202257001624,20643.70865788,22.376228365143984,285.3245725071724,20.93466718292759,39.39468184187126
PTSS17-niq,150,0.06897,0.00089,0.0691,1e-05,0.06828,1e-05,37.2817,0.174144,,0,0,215.069,15.3417,35.4616,250,10.6052,285.98285667429104,20676.68582826,22.93476001557037,267.5312278869295,21.455008106467318,32.97486061626661
1993B,50,0.07023,0.0009,0.07076,9e-05,0.0696,9e-05,37.2944,0.277681,,0,1,158.717,-34.4417,146.875,250,9.39781,287.66034700028393,21054.424325339998,36.785092209935236,268.78366986562133,34.37120264796842,12.969035249547185
2008Y,51,0.07056,0.00089,0.07028,2e-05,0.06965,2e-05,37.2961,0.226908,,0,1,169.877,54.4628,-79.0466,250,10.544,287.8856384018515,21153.355836479997,30.08260853428919,268.9112599030895,28.099880935481607,19.4222877549478
2008Y,65,0.07056,0.00089,0.07028,2e-05,0.06965,2e-05,37.2775,0.212322,,0,1,169.877,54.4628,-79.0466,250,10.544,285.43025137865857,21153.355836479997,27.908768984414667,266.6177060404448,26.069317912508097,22.1824753257599
PS17yt,150,0.07073,0.00089,0.07046,2e-05,0.06976,2e-05,37.4787,0.176182,,0,0,150.992,49.0412,-73.4287,250,9.95752,313.1410474881145,21204.32055434,25.4066391941131,292.45565874507537,23.728334121686235,32.21639404042993
PS16em,150,0.07083,0.00091,0.07113,0.00017,0.06981,0.00017,37.4814,0.447068,,0,0,163.892,-3.3663,84.9082,250,10.0881,313.5306479620387,21234.29980014,64.55044932130565,292.79217799467585,60.280762886084304,5.003257204895369
2006on,64,0.07089,0.00089,0.07068,1e-05,0.07191,1e-05,37.4543,0.24781,,0,0,328.994,-1.0702,-60.9172,250,10.2479,309.6420970126149,21252.287347619997,35.336579790019,289.1446339144216,32.99739449431688,16.284046903064052
470043,15,0.0709,0.01004,0.07061,0.01,0.07,0.01,37.7291,0.501827,,0,0,128.994,44.7675,-79.7204,250,7.0,351.41476111058046,21255.2852722,81.21190697657761,328.148997208498,75.83519187279634,3.970927443547075
ATLAS16bwu,150,0.07091,0.00089,0.07074,6e-05,0.0718,6e-05,37.3712,0.228257,,0,0,18.5927,-13.1531,-47.7797,250,9.63137,298.01628733236663,21258.283196779998,31.32634953108976,278.28322392392135,29.2520842377882,19.19339450612735
PS15bdr,150,0.07116,0.00089,0.07094,1e-05,0.07096,1e-05,37.3552,0.196012,,0,0,253.706,36.7252,-60.5418,250,10.5352,295.8284922114816,21333.23131128,26.70350963762626,276.1758208031308,24.92952466263328,26.027633336755642
PS15bwh,150,0.07158,0.00099,0.07149,0.00043,0.07267,0.00043,37.2494,0.16107,,0,1,352.644,-18.8915,-27.116,250,10.6434,281.7604290859691,21459.144143640002,20.899713997741788,262.9392384012105,19.503643216317762,38.54523365463446
370566,15,0.07167,0.00134,0.07134,0.001,0.0708,0.001,37.4155,0.208957,,0,0,159.985,58.4149,-92.1098,250,9.18771,304.1585295947745,21486.125464859997,29.268644441443186,283.81734078100027,27.311247344278733,22.902671877413162
PS15mt,150,0.07193,0.0009,0.07193,9e-05,0.07085,9e-05,37.5618,0.180815,,0,0,148.684,23.1981,-2.2308,250,8.92458,325.35688392362476,21564.07150394,27.091942181183732,303.5243755876081,25.273984477702584,30.58659189992461
2007jd,5,0.07222,0.00089,0.07196,1e-05,0.07268,1e-05,37.6319,0.199695,,0,0,44.9724,1.1607,-73.5081,250,9.75914,336.0315072815845,21651.01131676,30.90244736820985,313.397910206473,28.820995101947222,25.076424777210114
PS15atx,150,0.07252,0.00093,0.07301,0.00027,0.07188,0.00027,37.6225,0.304764,,0,0,195.827,-23.0658,136.355,250,10.2531,334.5800178533014,21740.94905416,46.95797382190043,311.95690323099,43.78284211194237,10.766453523255173
Gaia16aki,150,0.07393,0.0009,0.07398,1e-05,0.07363,1e-05,37.5535,0.176502,,0,1,239.794,14.6416,15.2964,250,9.48062,324.11564884384364,22163.656419939998,26.344824830162207,301.80332874940046,24.531230927678905,32.09968260705666
1992ae,50,0.0744,0.0009,0.07478,9e-05,0.0752,9e-05,37.4346,0.222054,,0,0,322.075,-61.5504,104.461,250,10.1995,306.84567057147746,22304.558875199997,31.37792966398208,285.59723619832226,29.20507228591035,20.280693347897675
PS17bii,150,0.07446,0.0009,0.07467,2e-05,0.07339,2e-05,37.4501,0.192118,,0,1,171.409,7.3336,58.3422,250,10.167,309.0437749154444,22322.54642268,27.342217975696915,287.62706374871505,25.447404254878652,27.093423544474916
7876,1,0.0752,0.0009,0.0749,1e-05,0.07602,1e-05,37.4763,0.179761,,0,0,19.1825,0.7946,-83.8601,250,9.78646,312.795142401725,22544.392841599998,25.89412020473359,290.91810119208054,24.08307310708109,30.946322651730203
2005ir,5,0.0752,0.0009,0.0749,1e-05,0.07602,1e-05,37.5656,0.154994,,0,1,19.1825,0.7946,-83.8601,250,9.78987,325.9267454491938,22544.392841599998,23.263795460982163,303.13127366926506,21.636714528443232,41.62653168992251
2010hs,51,0.0756,0.00508,0.07514,0.005,0.076,0.005,37.8142,0.289148,,0,0,36.4131,24.7649,-129.296,250,10.4575,365.46012632215223,22664.3098248,48.6637841414427,339.77326731326906,45.24338428918064,11.960783093856948
AT2016gsu,150,0.07575,0.0009,0.07529,6e-05,0.07642,6e-05,37.5461,0.217171,,0,0,17.1024,21.1516,-129.563,250,9.75909,323.01299901537925,22709.278693499997,32.304834130863355,300.26771927992496,30.03005729106517,21.202952368862515
370333,15,0.07588,0.00134,0.07557,0.001,0.075,0.001,37.6342,0.198325,,0,1,164.38,57.2977,-84.0517,250,7.99137,336.3876167660849,22748.25171304,30.722966500871056,312.6627660762212,28.55612754291469,25.4240699108532
PS15bif,150,0.07845,0.00094,0.07855,0.00027,0.07937,0.00027,37.5715,0.150392,,0,0,305.074,-23.7435,27.7549,250,9.58141,326.81350899154785,23518.7183301,22.63447466744746,303.04001946455367,20.987968535812936,44.21305558702189
Gaia16acv,150,0.07859,0.0009,0.07833,0.0001,0.07772,0.0001,37.8315,0.146078,,0,0,179.957,54.8022,-72.0818,250,8.87001,368.38335597906473,23560.689274219996,24.781665951121955,341.541601515928,22.975983414570834,46.863030704540925
17186,1,0.07875,0.0009,0.07849,2e-05,0.07944,2e-05,38.0154,0.239252,,0,0,31.6128,-0.8995,-72.372,250,10.1643,400.94056680711753,23608.6560675,44.175478384782224,371.6714408408969,40.950617274421525,17.46983673153751
2007hx,5,0.07875,0.0009,0.07849,2e-05,0.07944,2e-05,38.0942,0.180119,,0,1,31.6128,-0.8995,-72.372,250,10.2646,415.75741158455827,23608.6560675,34.48618959606373,385.406638780587,31.968657794728834,30.82342863662451
560033,15,0.07895,0.01004,0.07869,0.01,0.08,0.01,37.5988,0.503338,,0,1,353.599,-0.6831,-74.4184,250,9.07144,330.9481822150373,23668.614559100002,76.71237056005762,306.7317134390262,71.09909686274398,3.9471221064443247
12779,1,0.07906,0.0009,0.07891,3e-05,0.07995,3e-05,37.7843,0.238199,,0,1,309.472,1.2211,-40.944,250,10.332,360.46242493363343,23701.591729480002,39.540815154033695,334.0522537520003,36.64375952591487,17.62463502081627
PS15bzz,150,0.07931,0.0009,0.07901,1e-05,0.08024,1e-05,37.53,0.147217,,0,1,9.4247,1.7628,-83.7337,250,10.4626,320.62693245054675,23776.53984398,21.737202327653485,297.0665818444624,20.139906354665005,46.14068876944762
350316,15,0.07991,0.00135,0.07966,0.001,0.079,0.001,37.6003,0.157805,,0,1,131.469,43.8188,-69.2072,250,8.61131,331.1768720979076,23956.415318779997,24.06724859702575,306.6708078431607,22.286346637243614,40.15674297154924
2005ag,5,0.08009,0.0009,0.08024,1e-05,0.07954,1e-05,37.6668,0.119289,,0,1,224.182,9.3285,42.0914,250,10.69,341.47585413195344,24010.377961219998,18.758844452746708,316.15500016846136,17.367853098118406,70.27473299197597
12950,1,0.08167,0.0009,0.08141,1e-05,0.08273,1e-05,37.7215,0.219648,,0,1,351.667,-0.8403,-71.2932,250,9.42557,350.18698409688744,24484.05004486,35.421988483863906,323.74659932963607,32.74750014686911,20.7274317441494
130308,15,0.08245,0.0009,0.08221,1e-05,0.08177,1e-05,37.8192,0.217606,,0,0,213.238,52.7437,-67.1114,250,10.1141,366.30259892130437,24717.888162099996,36.70764730491158,338.40140322537246,33.91163315156505,21.118266602026942
12898,1,0.08282,0.0009,0.08255,1e-05,0.08358,1e-05,37.6774,0.265638,,0,0,26.7931,-0.147,-73.7593,250,9.35181,343.14683693676795,24828.81137156,41.97743386963658,316.9010887652315,38.76676997990117,14.17162319485511
12781,1,0.08309,0.00092,0.08282,0.00018,0.08408,0.00018,37.9939,0.195118,,0,0,5.4066,-1.01,-73.9179,250,10.4457,396.9903956078765,24909.755335219998,35.671635370892645,366.53500226931885,32.93506114071097,26.266688790125013
SN2016glp,150,0.0841,0.00091,0.08366,0.00012,0.08493,0.00012,37.9686,0.221594,,0,1,354.058,23.696,-121.995,250,10.5245,392.3918694421668,25212.545717799996,40.04273023968001,361.95172903068607,36.93638062879809,20.36498084622354
3592,1,0.08572,0.00091,0.08544,5e-05,0.08658,5e-05,37.8406,0.128563,,0,1,19.0524,0.7919,-76.2223,250,10.1853,369.93038120171224,25698.20949976,21.901894488740286,340.7235578249569,20.17269138335877,60.501759353378645
SN2016grz,150,0.08704,0.00103,0.08656,0.0005,0.08748,0.0005,37.8484,0.21681,,0,1,28.8874,33.8229,-133.261,250,8.99392,371.26157265469914,26093.93554432,37.06849841357039,341.5344169990977,34.10039962979319,21.27361920325016
1241,1,0.0887,0.00091,0.08848,1e-05,0.08979,1e-05,37.7772,0.253181,,0,1,337.672,-0.7766,-59.4892,250,9.91509,359.285756164842,26591.5910246,41.89062068342608,330.0135539311491,38.47765287354283,15.600473432690459
590194,15,0.09039,0.00091,0.09015,2e-05,0.08951,2e-05,37.9202,0.21704,,0,1,130.237,44.5243,-65.5475,250,9.75408,383.74258786317216,27098.240278619996,38.35530716615318,351.93149961314043,35.17576937256686,21.228555253140158
370066,15,0.09089,0.00135,0.09066,0.001,0.09,0.001,38.0269,0.167553,,0,1,130.349,43.0544,-62.1878,250,9.12019,403.06955882049493,27248.136507619998,31.10125345967225,369.4868949394485,28.509981262704997,35.62013684698836
300105,15,0.09205,0.00091,0.09181,1e-05,0.09314,1e-05,38.1602,0.266341,,0,1,351.71,-0.7301,-65.6529,250,9.04492,428.58799299258027,27595.895758900002,52.56827309496705,392.46187719663044,48.1372401400733,14.096910679475158
iPTF17dz,150,0.09293,0.01004,0.09284,0.01,0.092,0.01,38.2226,0.493293,,0,1,126.107,24.9978,-26.3455,250,8.80725,441.0826752615857,27859.71312194,100.20067267457686,403.578157120388,91.68077797715944,4.1095105013302655
010010,15,0.0995,0.00096,0.09968,0.0003,0.0984,0.0003,38.4377,0.194713,,0,0,150.859,1.0294,49.113,250,9.50285,487.01237859797686,29829.349571,43.66974264023586,442.9398622992059,39.71781959093757,26.3760710337993
160099,15,0.10165,0.00092,0.10142,1e-05,0.10102,1e-05,38.2982,0.165557,,0,1,214.667,54.1831,-60.6658,250,9.5937,456.709452207509,30473.9033557,34.82035804266222,414.56855826034496,31.60745975823739,36.48420638515328
000190,15,0.10221,0.00136,0.10237,0.001,0.1011,0.001,38.4085,0.187412,,0,1,148.988,2.2635,44.0736,250,7.0,480.5073110898127,30641.787132179998,41.47086363672708,435.94896715672394,37.625192691707646,28.47116310476146
140181,15,0.10246,0.00092,0.10231,1e-05,0.10154,1e-05,38.2511,0.199553,,0,1,183.738,46.845,-41.2939,250,9.67327,446.9099254085233,30716.735246679997,41.06992838325506,405.37518405068965,37.25298730407911,25.112125761435205
100405,15,0.10294,0.00136,0.10298,0.001,0.1034,0.001,38.1815,0.18625,,0,0,53.6285,-27.3206,11.109,250,10.3204,432.81270422022175,30860.63562652,37.12290600964816,392.41727040475615,33.65813735076084,28.827530291428314
13135,1,0.10361,0.00092,0.10338,3e-05,0.10467,3e-05,38.3338,0.12638,,0,0,4.1723,-0.4245,-63.7684,250,10.8558,464.25864551112227,31061.496573379998,27.019918541247446,420.6727426456106,24.483212857121128,62.609941492011444
20064,1,0.10374,0.00092,0.10351,2e-05,0.10484,2e-05,38.2079,0.196456,,0,0,358.586,-0.9176,-61.7049,250,10.7045,438.10680599391424,31100.46959292,39.63610603623282,396.92935473382704,35.91072719683333,25.910118877134416
13038,1,0.10507,0.00508,0.10485,0.005,0.1062,0.005,38.4295,0.236183,,0,0,347.827,0.5046,-60.2355,250,8.87462,485.17677121925635,31499.193562059998,52.77087788668016,439.04618822269754,47.75342547230507,17.926798235511765
18697,1,0.10661,0.00092,0.10638,1e-05,0.10762,1e-05,38.2611,0.195537,,0,1,11.2239,-0.9971,-61.7105,250,9.67706,448.97276789754204,31960.873947379998,40.42915200379585,405.71905901586103,36.5342369974931,26.154239985478263
20625,1,0.10707,0.00092,0.10684,2e-05,0.10813,2e-05,38.4624,0.151122,,0,1,5.6834,-0.479,-62.2616,250,10.0166,492.58365851146146,32098.778478059998,34.28099169731206,444.94355236024956,30.965514102371177,43.78694189675509
3256,1,0.10711,0.00092,0.10694,1e-05,0.10822,1e-05,38.4295,0.210466,,0,0,329.268,-0.2235,-46.9706,250,9.894,485.17677121925635,32110.770176379996,47.024873023452265,438.23718620485437,42.475339418352526,22.575433870565433
120225,15,0.10713,0.00136,0.10728,0.001,0.106,0.001,38.7801,0.468541,,0,0,150.818,3.4749,41.4031,250,11.4183,570.1905299204249,32116.76602554,123.03064036579711,515.016782058498,111.1257398551183,4.555172204449939
21034,1,0.10774,0.00092,0.10751,1e-05,0.10855,1e-05,38.4984,0.180059,,0,1,28.1414,1.2441,-62.8826,250,10.0033,500.8180812437935,32299.63942492,41.52795241398668,452.1079686964391,37.48889849060852,30.84397427834733
500038,15,0.10794,0.00092,0.1081,1e-05,0.10682,1e-05,38.4017,0.187108,,0,1,150.193,2.5513,42.5255,250,9.73659,479.0049484522932,32359.597916519997,41.274140763767605,432.33834725011576,37.25304688319549,28.563754172947974
7147,1,0.10908,0.00092,0.10886,2e-05,0.11022,2e-05,38.4016,0.133183,,0,0,350.018,-0.0554,-58.3622,250,10.039,478.9828899671378,32701.361318639996,29.377475833876424,431.87406676446943,26.488148586104177,56.37705859744915
020027,15,0.11001,0.00136,0.10988,0.001,0.1091,0.001,38.5701,0.179741,,0,1,186.336,46.0152,-37.194,250,10.0054,517.6306691749405,32980.168304579995,42.84625201795655,466.3297350248561,38.599879296543776,30.95320990491545
18650,1,0.11259,0.00093,0.11243,3e-05,0.11371,3e-05,38.6214,0.163201,,0,1,328.447,0.0151,-45.0863,250,8.53633,530.0050406396651,33753.632846219996,39.83350295328095,476.3704874568935,35.80249953107699,37.54519540301038
18612,1,0.11388,0.00093,0.11365,2e-05,0.11489,2e-05,38.3876,0.194923,,0,1,12.2879,0.597,-61.6063,250,10.2452,475.90470670585177,34140.36511704,42.71975675983378,427.24953020599327,38.352207383051834,26.31926920729383
8719,1,0.1165,0.00093,0.11628,1e-05,0.11757,1e-05,38.5408,0.159897,,0,1,7.7215,-0.7188,-58.0587,250,8.80164,510.6931116171777,34925.821357,37.60503523341702,457.4053843414041,33.68117799679088,39.112841574615736
5395,1,0.11653,0.00106,0.11635,0.0005,0.117,0.0005,38.6302,0.185742,,0,1,49.6409,0.1233,-46.6658,250,8.49999,532.1572705056367,34934.81513074,45.51932380309521,476.61708194642034,40.7685631403502,28.985431158359788
2561,1,0.1176,0.00093,0.11741,2e-05,0.11813,2e-05,38.5727,0.239635,,0,1,46.3434,0.8584,-49.7646,250,7.0,518.250822473854,35255.5930608,57.1920855633566,463.7176292715229,51.174020725981215,17.41403853413014
16259,1,0.11792,0.00093,0.11771,2e-05,0.11908,2e-05,38.6088,0.214419,,0,0,352.03,0.8564,-57.3066,250,10.994,526.9385839245049,35351.52664736,52.031812023657416,471.35625440506016,46.54341278772847,21.750711477697262
1371,1,0.11818,0.00093,0.11797,3e-05,0.11934,3e-05,38.4157,0.127058,,0,0,349.374,0.4294,-55.3939,250,10.5372,482.10318428317004,35429.47268643999,28.209000547373694,431.14989025306306,25.227602485622793,61.94353273592227
000137,15,0.11901,0.00137,0.11878,0.001,0.1182,0.001,38.5629,0.212381,,0,0,161.159,57.8111,-61.7786,250,10.2136,515.9171917785545,35678.30042658,50.459314438874415,461.0478831990371,45.09281815075327,22.17015233778173
5549,1,0.12014,0.00093,0.11992,2e-05,0.12124,2e-05,38.5958,0.200195,,0,0,3.2505,0.2482,-58.0773,250,8.5812,523.7933736534835,36017.06590412,48.29018963308822,467.6142032723441,43.110851887342854,24.951321204301887
12860,1,0.12058,0.00093,0.12042,1e-05,0.12168,1e-05,38.7926,0.252257,,0,0,323.694,1.1759,-41.4675,250,10.1701,573.4822757726505,36148.97458564,66.62065693563598,511.77272106645717,59.451941794103035,15.714969662564815
490008,15,0.12086,0.01004,0.12067,0.01,0.12,0.01,38.6348,0.302627,,0,1,131.449,44.4206,-51.5834,250,8.89488,533.2857757905039,36232.916473879995,74.32131016857132,475.7826809686347,66.30739804129982,10.919044973061606
19953,1,0.12207,0.00094,0.1219,2e-05,0.12323,2e-05,38.5945,0.157915,,0,1,332.931,0.5791,-46.2658,250,9.37542,523.4798870090681,36595.66534806,38.06878963544023,466.5305079086582,33.92728585154245,40.10081790741001
390259,15,0.12231,0.00137,0.12208,0.001,0.122,0.001,38.6119,0.231142,,0,0,242.396,53.8672,-61.8636,250,9.15024,527.6913801191387,36667.61553798,56.170016459324806,470.18326497949647,50.04857522371253,18.717259711756626
18835,1,0.12278,0.00094,0.12262,4e-05,0.12319,4e-05,38.6853,0.144584,,0,0,53.6851,0.3555,-42.5292,250,10.1221,545.8332655348249,36808.51799324,36.34343062257371,486.14444996778076,32.369146780824124,47.836514564623634
2916,1,0.12316,0.00106,0.12303,0.0005,0.1242,0.0005,38.5967,0.274641,,0,0,315.922,0.5696,-33.607,250,9.77924,524.0105128352225,36922.43912728,66.27520139094854,466.55019127748716,59.007800661480594,13.25773263655203
16021,1,0.12357,0.00094,0.12336,2e-05,0.1246,2e-05,38.6164,0.162163,,0,1,13.8437,-0.3888,-56.0953,250,9.49127,528.7860628724685,37045.354035059994,39.489119888329874,470.63027926383626,35.14611451741313,38.02738482711945
13894,1,0.12377,0.00106,0.12356,0.0005,0.1249,0.0005,38.8009,0.333367,,0,0,1.6906,-0.0368,-55.8795,250,8.72392,575.6784866648455,37105.31252666,88.37883881138146,512.2742969333988,78.64495298093156,8.998182275389912
570062,15,0.12383,0.00137,0.12363,0.001,0.125,0.001,38.8242,0.150324,,0,0,353.102,0.2956,-54.4795,250,9.98879,581.8888025193532,37123.300074139996,40.282276655500056,517.7729750223373,35.8437456336813,44.25306473767882
6406,1,0.12393,0.00094,0.12377,1e-05,0.12449,1e-05,38.6504,0.145797,,0,1,46.0886,-1.063,-44.457,250,10.0062,537.1307303948358,37153.27931994,36.064031371608145,477.90407800738103,32.08743549118552,47.043846519817855
19543,1,0.12405,0.00509,0.12384,0.005,0.1252,0.005,38.835,0.221531,,0,1,357.908,0.2798,-55.7173,250,8.61533,584.7900841444812,37189.254414899995,59.6595800908522,520.252732658228,53.07555721796379,20.376565466210234
13044,1,0.12472,0.00094,0.12455,2e-05,0.12588,2e-05,38.7616,0.12587,,0,1,332.543,0.5033,-45.0282,250,10.0637,565.3533891523141,37390.11536176,32.77086587918213,502.66145276363375,29.136910412531236,63.11833522058207
15459,1,0.1256,0.00094,0.12542,2e-05,0.12679,2e-05,39.1417,0.298944,,0,0,340.701,-0.9018,-46.771,250,8.73681,673.503721817324,37653.9327248,92.72044891411298,598.3508544930029,82.37424388247422,11.189748293641086
2992,1,0.12623,0.00094,0.12608,2e-05,0.12661,2e-05,38.4956,0.293348,,0,1,55.497,-0.7827,-38.3957,250,9.72723,500.17271871483536,37842.80197334,67.56920605877995,444.1124092901409,59.99592095644757,11.620738723522082
16069,1,0.12706,0.00094,0.12688,4e-05,0.12825,4e-05,38.8125,0.259679,,0,0,341.246,-1.0066,-46.4179,250,10.179,578.7619883491209,38091.62971348,69.21217774348428,513.5147981022492,61.409488175859565,14.829494247542648
744,1,0.1271,0.00094,0.12694,1e-05,0.12825,1e-05,38.6849,0.280884,,0,1,329.198,0.3175,-41.9263,250,9.90923,545.7327285916658,38103.62141179999,70.59154473525615,484.19193380504464,62.63112832513189,12.67494249435881
14871,1,0.1272,0.00106,0.12705,0.0005,0.1276,0.0005,38.7429,0.159508,,0,1,54.2771,0.0094,-40.3573,250,9.14823,560.5056568127808,38133.6006576,41.17258681947053,497.25484103333997,36.52642549633653,39.30384701671434
18855,1,0.12732,0.00094,0.12716,1e-05,0.12783,1e-05,38.7841,0.176913,,0,1,48.6323,0.2698,-44.3542,250,9.82915,571.2418276756574,38169.57575255999,46.539898465528665,506.7255328350933,41.28366254970076,31.95070944219353
22075,1,0.1292,0.00094,0.129,2e-05,0.13003,2e-05,38.7547,0.150979,,0,0,29.9631,1.2165,-53.8671,250,10.7935,563.5597917848863,38733.1855736,39.18341003597877,499.0788095863322,34.700150580923456,43.86992692118312
1032,1,0.12921,0.00094,0.12904,3e-05,0.12976,3e-05,38.8403,0.212795,,0,0,46.7957,1.1196,-46.3166,250,10.2777,586.2191480880493,38736.18349818,57.446966892471785,519.1409464032813,50.87359029097492,22.08397066453452
5751,1,0.1295,0.00094,0.12929,1e-05,0.13056,1e-05,38.833,0.250442,,0,0,11.6342,0.8382,-56.2101,250,10.1354,584.2517205360292,38823.123310999996,67.3833886874392,517.2657995006899,59.65771464138043,15.94357368663877
18415,1,0.12958,0.00094,0.1294,2e-05,0.13077,2e-05,38.8429,0.142748,,0,0,337.478,1.0586,-47.3615,250,10.6005,586.9214745926836,38847.10670764,38.58297544467561,519.5926579725948,34.156921550200614,49.07495789080051
18809,1,0.13169,0.00094,0.13153,3e-05,0.13216,3e-05,38.802,0.134576,,0,0,50.8813,0.6666,-42.5001,250,10.6395,575.970181254671,39479.66879402,35.69548605491883,508.946956546997,31.54175264862182,55.21597797812227
151034,15,0.13281,0.00138,0.13269,0.001,0.1319,0.001,38.7841,0.122177,,0,0,185.137,46.6661,-33.3543,250,10.6436,571.2418276756574,39815.43634698,32.140685957633956,504.26976075039715,28.37253021921942,66.99171345712328
1334084,10,0.13366,0.00107,0.13349,0.0005,0.13431,0.0005,38.8266,0.283718,,0,0,41.734,-0.6906,-44.6496,250,9.74734,582.532285327172,40070.259936279996,76.11190186168335,513.8509653045639,67.13820886481251,12.422992428451318
15508,1,0.13372,0.00095,0.13353,3e-05,0.13461,3e-05,38.8434,0.157696,,0,1,27.169,-0.5766,-50.2332,250,9.13587,587.0566338166835,40088.24748376,42.6330459096089,517.8144813681363,37.60456365734829,40.2122751056776
14108,1,0.13477,0.00509,0.13463,0.005,0.1352,0.005,39.2366,0.199357,,0,0,53.5946,-1.1232,-37.1162,250,10.2314,703.59055361453,40403.02956466,64.5947428952961,620.0292161535201,56.92320284753394,25.161528553377746
15234,1,0.13535,0.00095,0.13514,2e-05,0.13636,2e-05,39.0775,0.31333,,0,1,16.9583,0.8282,-53.924,250,9.98362,653.8829300047421,40576.9091903,94.35125104998566,575.9307085962408,83.10322900425918,10.185821064302203
000014,15,0.13614,0.00138,0.13599,0.001,0.1369,0.001,38.9771,0.206627,,0,1,35.878,-4.6363,-39.8714,250,9.80415,624.3383323163232,40813.74523212,59.409070097401575,549.5258791313776,52.29027241132394,23.422101544285884
17629,1,0.13658,0.00095,0.1364,2e-05,0.13742,2e-05,38.8475,0.195569,,0,1,30.6364,-1.0892,-47.5279,250,10.6342,588.1661141430378,40945.65391364,52.971918166100224,517.4876507971616,46.606414124918814,26.14568170469054
19775,1,0.137,0.00095,0.13687,3e-05,0.13809,3e-05,39.0095,0.224296,,0,1,318.956,0.6513,-33.2285,250,10.0494,633.7237741643974,41071.566746000004,65.45867542551126,557.3647969783618,57.5713943935895,19.877279419702617
18602,1,0.13713,0.00095,0.13696,2e-05,0.13834,2e-05,38.9616,0.259136,,0,1,338.984,0.6092,-45.3089,250,8.85232,619.8976643211641,41110.53976554,73.97644125596541,545.1423006350761,65.05539494689738,14.891707540885456
21062,1,0.13745,0.00095,0.13729,2e-05,0.13864,2e-05,39.3511,0.230391,,0,0,333.432,0.3963,-42.0794,250,8.95999,741.6858610118832,41206.473352099994,78.69211068744612,652.0601881505852,69.18291853483328,18.83948299413375
17366,1,0.13822,0.00095,0.13811,1e-05,0.13929,1e-05,38.8857,0.128482,,0,1,315.787,-1.0292,-27.9862,250,10.2891,598.6045312628473,41437.31354476,35.41832124997915,525.9128562693041,31.117289495861215,60.57806867740055
15171,1,0.13826,0.00107,0.13818,0.0005,0.1392,0.0005,38.9503,0.15974,,0,1,304.793,-1.0645,-19.2613,250,9.85121,616.6801934937575,41449.305243079994,45.36483801359358,541.7744570605639,39.8545481819563,39.18976324507794
190340,15,0.1384,0.00138,0.13824,0.001,0.1396,0.001,39.0229,0.12425,,0,1,334.134,0.4733,-42.3456,250,10.0088,637.646529048604,41491.2761872,36.48564950080975,560.1252012022171,32.04993807168811,64.77496771372702
20084,1,0.13851,0.00095,0.13834,1e-05,0.13973,1e-05,39.0401,0.319084,,0,1,347.975,-0.5781,-46.7375,250,9.92013,642.7173148616706,41524.25335758,94.44320397375314,564.5249623294224,82.95333723353608,9.821774178474943
12928,1,0.13875,0.00107,0.13868,0.0005,0.1397,0.0005,38.9999,0.176022,,0,0,305.009,-0.9757,-19.5305,250,10.3657,630.9282884897219,41596.2035475,51.143757898944784,554.0533817692399,44.912191349238014,32.27498859979302
190230,15,0.1388,0.00138,0.13864,0.001,0.14,0.001,39.0467,0.130742,,0,0,333.937,0.4225,-42.0344,250,10.1494,644.6737695185552,41611.1931704,38.815108865772515,566.099200490477,34.08421923583818,58.50187042215215
090275,15,0.13955,0.00138,0.13959,0.001,0.14,0.001,39.0213,0.145767,,0,1,54.0721,-28.0515,10.2624,250,10.184,637.1768667742642,41836.0375139,42.77252611271953,559.1477923515986,37.53457602801065,47.063212502866456
1794,1,0.14082,0.00095,0.1407,6e-05,0.14191,6e-05,39.1775,0.184019,,0,1,317.837,-0.4453,-30.0157,250,11.0328,684.6994830911343,42216.77393556,58.02409168395378,600.1818718913889,50.86174127728632,29.53076294437877
17208,1,0.14104,0.00509,0.14084,0.005,0.1422,0.005,39.2835,0.203514,,0,0,1.4916,1.1031,-52.1075,250,11.5,718.9521718666376,42282.72827632,67.38139138404344,630.0849855102692,59.05261111270721,24.14412213921733
340229,15,0.14123,0.00138,0.14108,0.001,0.142,0.001,39.0407,0.212429,,0,1,35.879,-2.8604,-41.6636,250,9.69378,642.8949287557919,42339.688843339994,62.89259132290235,563.3351110256407,55.109479529019,22.1601344298338
1317666,10,0.14134,0.00107,0.1412,0.0005,0.1421,0.0005,39.1237,0.260864,,0,0,36.7711,-5.0031,-37.79,250,9.68561,667.9439184419122,42372.666013719994,80.24164690135167,585.2278185658192,70.30477062168299,14.695071427470795
2635,1,0.14325,0.00108,0.14311,0.0005,0.1437,0.0005,39.047,0.160602,,0,1,52.7043,-1.2381,-35.6881,250,9.59628,644.7628406439198,42945.26960849999,47.68663017743007,563.9736196316815,41.71146308981418,38.77020535790433
17568,1,0.14345,0.00108,0.14335,0.0005,0.1445,0.0005,39.5154,0.37065,,0,0,313.103,0.2777,-27.2256,250,9.24061,799.9816034925046,43005.228100099994,136.54936624341056,699.6209746753286,119.41874698798422,7.279004553909027
190260,15,0.14359,0.00138,0.14344,0.001,0.1448,0.001,39.1135,0.129494,,0,0,333.967,-0.8252,-38.9038,250,10.2639,664.8137604740006,43047.19904422,39.64563064284959,581.3392566164451,34.6676961523357,59.63492914733158
17497,1,0.14404,0.00095,0.14388,2e-05,0.14479,2e-05,39.0756,0.170594,,0,1,37.1366,-1.0421,-43.3932,250,10.0189,653.3110442230737,43182.10565032,51.32505657901455,571.0561206103579,44.86299131063123,34.361530151754295
8921,1,0.14423,0.00095,0.1441,1e-05,0.14539,1e-05,39.016,0.24096,,0,1,325.002,-0.0079,-34.8884,250,9.52063,635.6235799378429,43239.06621734,70.53272109312326,555.5033340655663,61.64208340379404,17.223051133227163
17605,1,0.14542,0.00096,0.14533,2e-05,0.14643,2e-05,39.1518,0.210163,,0,0,309.203,0.0984,-23.7173,250,10.2332,676.6436336223449,43595.81924236,65.48803261315769,590.738448448905,57.173816253564354,22.64057652140289
1296657,10,0.14638,0.00108,0.14624,0.0005,0.14715,0.0005,39.1857,0.207408,,0,0,36.2552,-6.2786,-34.8677,250,9.33695,687.2899604138807,43883.62000204,65.64644132009859,599.530662096234,57.26411950670684,23.246040634680075
440008,15,0.14652,0.00138,0.14656,0.001,0.147,0.001,39.158,0.187578,,0,0,52.6735,-28.8632,10.5023,250,9.32684,678.5783509504078,43925.59094616,58.61753958132551,591.8591485106302,51.12648674364643,28.420793425925247
1316385,10,0.14737,0.00108,0.14741,0.0005,0.14784,0.0005,39.0154,0.197495,,0,0,53.526,-27.6321,8.8354,250,9.63951,635.4479749141011,44180.41453546,57.7938716861789,553.8300416727831,50.37073628051884,25.638215281761926
13796,1,0.14747,0.00096,0.14729,2e-05,0.1487,2e-05,38.9672,0.171803,,0,1,350.692,0.5329,-47.1324,250,9.66952,621.4983786469111,44210.39378126,49.17183634419822,541.624947621211,42.85239382659086,33.879618684589495
14024,1,0.14771,0.00096,0.14759,4e-05,0.14881,4e-05,39.134,0.188785,,0,1,318.199,0.9163,-31.2074,250,10.7329,671.1197196984211,44282.34397118,58.346279569580595,584.7467737480906,50.83712747085988,28.058537564513003
180166,15,0.14778,0.00138,0.14757,0.001,0.1475,0.001,39.161,0.170177,,0,1,242.843,55.0642,-54.9867,250,10.0333,679.5164894815254,44303.32944323999,53.25330274689438,592.0267729717589,46.39678574891911,34.53013476454249
1293758,10,0.14803,0.00108,0.14812,0.0005,0.14896,0.0005,39.2285,0.184985,,0,0,8.4839,-43.3497,24.7766,250,11.0622,700.970917584382,44378.277557739995,59.71482972617341,610.5858885084729,52.01504292237434,29.223146293256963
14437,1,0.14806,0.00096,0.14792,4e-05,0.14927,4e-05,39.0382,0.157931,,0,0,332.081,-1.1964,-36.3792,250,9.91097,642.1551945230974,44387.27133148,46.70389159990289,559.3394025774762,40.680706234781184,40.09269308599325
1255502,10,0.14834,0.00108,0.14819,0.0005,0.14915,0.0005,39.0239,0.142683,,0,0,33.9046,-4.2092,-38.6209,250,10.1485,637.9402437521995,44471.21321972,41.91774548937162,555.5325458942469,36.502904618293904,49.119680791840516
13736,1,0.14898,0.00096,0.14882,2e-05,0.15021,2e-05,39.1606,0.17494,,0,1,336.833,1.031,-42.1088,250,9.07749,679.3913294464152,44663.08039284,54.73369988607537,591.2995260547749,47.63677338689566,32.67546341551208
2308,1,0.1494,0.00509,0.14923,0.005,0.1502,0.005,39.1104,0.175216,,0,0,34.2729,0.2803,-45.2652,250,10.3812,663.8653476556727,44788.9932252,53.56726166313531,577.575559122736,46.604542946872556,32.57260380229041
